"Ratio_LFP_F_M","Wage_Gap","Women_Parliament","Women_Ministers","Female_Management","Business_reg"
65.0476034590938,-1.849,38.5214007782101,20,32.139,1
64.8107596647743,1.377,37.3540856031128,54.167,30.155,1
65.5969313931584,-0.865,37.3540856031128,17.6,32.343,1
65.395121549464,1.031,36.5758754863813,21.053,36.492,1
65.8519310622578,-0.466,36.5758754863813,17.6,38.637,1
66.451215758695,-0.897,26.6666666666667,22.2,41.168,1
67.0660201837966,4.238,35.7976653696498,17.4,34.109,1
67.6939245036498,-0.897,38.1322957198444,43.75,32.629,1
69.7442738341895,1.532,38.9105058365759,25,33.178,1
70.4413857229399,-0.383,40.1574803149606,22.727,33.136,1
70.5134622677285,-0.138,40.8560311284047,18.182,36.984,1
70.9526229600768,1.381,44.7470817120623,52.2,37.36,1
72.5903740920605,-0.049,44.7470817120623,22.222,37.91,1
73.6086400533748,1.42,43.1906614785992,33.333,37.982,1
73.7287073276042,5.941,42.4124513618677,25,36.39,1
80.605805637358,15.52,27.8688524590164,38.5,25.422,1
81.3604826546003,16.34,27.8688524590164,21.429,26.074,1
82.0402320500264,10.117,27.8688524590164,46.2,27.132,1
82.41097788757,11.057,33.3333333333333,25,26.329,1
83.0736791007418,16.34,32.2404371584699,30.8,27.848,1
83.1619342312826,8.866,30.6010928961749,30.8,27.876,1
83.4599957779185,16.34,30.6010928961749,23.1,29.517,1
83.5577561741441,13.039,34.4262295081967,30.435,29.191,1
83.1198824270418,20.39,34.4262295081967,38.5,28.858,1
83.4245010819909,12.5,39.344262295082,57.143,32.009,1
83.9908745247148,11.643,39.344262295082,57.143,31.467,1
83.654500113353,16.61,40.4371584699454,40,34.309,1
83.9623068224651,-3.193,40.9836065573771,25,31.527,1
84.3973990624527,20.39,40.9836065573771,25,33.793,1
84.4047709488718,14.566,36.0655737704918,25,32.047,1
63.2086416656215,2.55,16.6666666666667,0,30.164,1
63.0286001318557,-6.651,21.4285714285714,5.263,22.598,1
62.77773403669,-1.295,21.4285714285714,6.3,23.028,1
62.7297874021971,4.122,21.4285714285714,21.7,21.416,1
62.6373451889489,7.896,21.4285714285714,0,24.157,1
62.7543210663945,-6.237,21.4285714285714,0,24.184,1
62.8231826482555,8.405,21.4285714285714,22.2,18.782,1
62.9259259259259,14.031,21.4285714285714,22.2,18.83,1
63.0637346254193,3.563,21.4285714285714,22.2,26.118,1
63.1507632030038,19.989,21.4285714285714,22.222,25.43,1
62.8143929417962,19.989,26.1904761904762,18.75,24.89,1
63.4001815630932,8.631,26.1904761904762,34.8,20.175,1
63.7017323459402,9.808,16.6666666666667,11.111,24.09,1
65.2090721649485,10.488,19.0476190476191,11.111,27.898,1
65.3413514901513,-3.129,19.047619047619,11.111,39.205,1
72.9587834931559,15.373,25.3846153846154,20,24.341,1
72.9979322855222,9.552,25.3846153846154,48.6,35.552,1
73.0382242574572,12.094,25.3846153846154,45.5,32.028,1
73.0809459424985,-6.295,25.3846153846154,7.143,31.091,1
73.1267108393666,-14.443,53.0769230769231,33.3,35.462,1
73.1727340362759,-14.313,53.0769230769231,28.6,34.447,1
73.2218434424648,8.631,53.0769230769231,27.3,29.992,1
75.6807968555955,13.958,53.0769230769231,52,26.753,1
79.4467638309042,-3.364,53.0769230769231,14.3,30.443,1
80.737869757578,20.01,53.0769230769231,25,28.492,1
81.8393931075787,16.61,46.1538461538462,22.222,30.929,1
84.0356209420864,3.371,46.1538461538462,52.2,28.556,1
84.4956582187504,5.993,46.1538461538462,12.5,29.98,1
84.7314032545041,5.137,46.1538461538462,29.412,28.015,1
85.2431821925222,4.359,46.1538461538462,23.529,22.268,1
63.1008024207711,16.643,14.1666666666667,45.5,40.037,1
65.3706035198628,14.835,14.1666666666667,13.3,48.547,1
65.9841799397331,18.805,14.1666666666667,18.2,21.453,1
66.8449342300732,12.399,15.8333333333333,11.111,44.653,1
67.7925096973874,15.373,15.8333333333333,39.1,40.037,1
67.6173795890872,16.49,15.8333333333333,34.8,46.412,1
68.4442521431083,14.161,15.8333333333333,34.8,26.074,1
69.5261899002929,14.326,14.4160583941606,7.1,43.072,1
70.6043993049475,14.02,22.5806451612903,34.8,14.565,1
71.4192699502177,11.27,22.5806451612903,33.333,21.416,1
67.3065244760424,10.069,22.5806451612903,30.435,37.468,1
67.7276296274755,9.775,35.4838709677419,25,13.514,1
70.9759800235518,16.563,35.4838709677419,58.333,31.603,1
72.8824494719273,15.586,35.4838709677419,54.167,27.521,1
73.0823284706411,16.259,35.4838709677419,50,34.627,1
67.7629448830664,-6.295,12.6506024096386,21.4,26.417,1
68.1390907512587,-6.965,12.1212121212121,3.8,27.294,1
69.4318759374729,-6.918,12.1212121212121,33.3,27.4,1
69.3216004813478,-6.923,12.1212121212121,13.333,28.256,1
69.1739819402872,-5.016,19.8795180722892,31.3,27.943,1
69.6705291959299,-6.469,19.8795180722892,29.4,28.336,1
69.5851772724961,-5.015,19.8795180722892,35.3,28.986,1
69.4958821423091,-6.902,18.6746987951807,0,28.967,1
68.4819097351734,-6.584,18.1286549707602,52.9,29.467,1
68.2656730418469,-7.244,18.7134502923977,57.895,30.339,1
67.0260062163119,12.717,18.3431952662722,36.842,30.29,1
66.6490411276906,-9.502,18.8235294117647,16.7,30.331,1
67.0608375032921,-2.459,28.8770053475936,50,41.689,1
68.0555373289065,-2.929,28.8770053475936,42.105,41.979,1
68.0381453469253,-4.505,29.4117647058824,47.368,43.491,1
58.8746379809681,1.703,38.5964912280702,35,20.175,1
61.6996986632329,-1.38,38.5964912280702,16,22.725,1
66.1624347199712,-7.238,38.5964912280702,29.2,40.611,1
66.9370322479527,-9.024,38.5964912280702,50,33.654,1
66.2126957104903,5.791,33.3333333333333,25,35.134,1
65.8268462023985,-5.743,33.3333333333333,40.9,31.527,1
62.2896898983473,-9.122,33.3333333333333,30.4,39.562,1
61.7658535272669,-7.452,35.0877192982456,20,41.426,1
63.7933294876501,-8.93,45.6140350877193,51.9,37.517,1
69.1601411351146,-10.919,45.6140350877193,50,42.767,1
66.5699464845407,-7.679,45.6140350877193,52,62.09,1
68.1463699122486,-8.924,45.6140350877193,35,41.629,1
68.7452149185169,-13.312,47.3684210526316,45.455,45.882,1
62.9118566189586,-8.742,47.3684210526316,40.909,47.158,1
62.7353021171822,-6.339,49.1228070175439,33.333,50.069,1
72.4518027961737,5.502,22,17.6,27.845,1
73.2658017889935,18.97,22,11.111,23.764,1
73.927816927418,21.25,22,13.3,22.924,1
74.7814075151729,20.69,19.5,17.6,24.341,1
74.5349178403756,20.77,19.5,7.1,26.307,1
75.3226304869256,21.12,20,18.8,27.525,1
75.7544697113906,20.38,20,17.6,23.02,1
76.1844894379066,20.01,22,24.242,23.96,1
76.6803320543308,19.25,22,28.6,26.2,1
76.591880967723,18.03,22.5,28.571,26.128,1
75.8962938929609,15.91,22.5,30.769,26.987,1
76.1622667710626,14.88,25,13.6,27.57,1
76.8996154356186,8.866,25.5,7.143,25.844,1
78.3685907344433,7.176,26,6.667,26.896,1
78.4801514524049,-23.89,26,6.667,38.104,1
57.8352046410281,-4.021,20.7650273224044,8.7,46.2,1
59.8396491468512,-2.581,20.7650273224044,14.286,51.831,1
61.109008327025,-12.983,20.7650273224044,13,57.968,1
61.1105840256977,-4.021,20.7650273224044,8.7,46.589,1
61.2824357363807,17.954,20.7650273224044,16,46.67,1
63.2006509442629,-9.822,20.7650273224044,19.2,48.273,1
63.882600787721,-2.635,26.8421052631579,20.8,47.617,1
64.4295743170405,-7.469,26.8421052631579,17.391,51.344,1
64.7944128751272,-0.658,26.8421052631579,16.7,45.551,1
67.2180431890287,-0.975,26.8421052631579,17.391,50.625,1
64.3572689018596,-2.099,27.8947368421053,17.391,47.621,1
67.5088916213822,-4.021,27.8947368421053,58.333,56.108,1
66.1200110029734,-0.148,27.8947368421053,6.667,58.712,1
68.664058718093,4.249,27.8947368421053,9.091,53.958,1
69.1563492789813,0.512,36.8421052631579,17.647,47.415,1
61.8109019749208,0.35,32.258064516129,32.5,33.553,1
61.2729781804926,-25.762,32.258064516129,40,43.856,1
62.3384200495274,-21.429,32.258064516129,40,43.235,1
62.7637378400229,16.259,38.6861313868613,32,34.571,1
61.2551860557718,-2.618,41.6058394160584,22.2,35.696,1
65.1393647327535,10.069,41.6058394160584,23.7,33.507,1
69.1132261404318,-0.383,41.6058394160584,27.5,34.018,1
69.9043020520925,-15.424,37.956204379562,17.4,35.312,1
68.9100820885139,13.223,37.956204379562,22.2,35.535,1
69.5949749258008,-0.865,37.956204379562,37.931,37.27,1
66.9326586220319,-0.032,39.4160583941606,32,39.445,1
68.5956190772099,1.377,39.4160583941606,30.8,37.618,1
69.6275743483528,-7.238,38.6861313868613,25,39.894,1
68.4615986234945,-8.924,43.0656934306569,50,42.374,1
68.4813267171585,-4.473,43.0656934306569,42.105,39.113,1
30.790270327686,17.954,12.6953125,9.4,13.876,1
30.1233643860517,-13.073,1.96850393700787,6.7,13.514,1
30.3141706729151,-15.751,1.96850393700787,10.3,9.729,1
31.2466901131133,3.807,17.3333333333333,23.1,7.124,1
31.7947873347882,-2.581,11.377245508982,10.3,16.732,1
32.1445681273778,0.118,12.1212121212121,11.8,6.415,1
32.9392953000971,6.848,14.9328859060403,11.8,7.106,1
32.8267881980409,8.45,14.9328859060403,9.8,6.365,1
27.0661551802696,6.279,14.9328859060403,24.2,7.354,1
23.1900799859622,3.025,14.9328859060403,24.242,7.09,1
21.3363516868702,-2.423,27.4111675126904,24.242,20.706,1
22.200703473221,-9.51,27.7027027027027,15.4,20.474,1
21.6771971766849,-2.04,27.580372250423,18.75,22.159,1
21.8029469604127,8.239,27.5337837837838,18.75,21.135,1
21.5484941223579,-3.539,27.7027027027027,13.333,7.828,1
76.8719618249119,16.25,36.5714285714286,52.9,24.046,1
78.3723021582734,2.36,36,28.6,28.093,1
79.9307906189555,18.75,36,30.8,27.971,1
80.4026906921532,18.75,36,17.4,30.202,1
80.8157122894305,12.5,39.7142857142857,30.8,27.521,1
81.058598804609,12.5,41.1428571428571,30.8,31.374,1
81.4289038864324,12.5,39.1428571428571,38.5,30.665,1
81.5501723626948,12.5,39.1428571428571,52.941,26.362,1
81.434267951898,17.65,39.1428571428571,64.7,34.644,1
81.9421481096572,11.76,44,66.667,30.497,1
81.9103075537254,11.76,44,50,37.495,1
83.5078659207192,5.88,43.4285714285714,29.412,33.063,1
83.1901122030733,5.728,42.9799426934097,63.636,36.146,1
84.1232189763592,14.923,44.2857142857143,50,36.667,1
84.2835624779669,18.27,44.2857142857143,50,23.571,1
87.6160456655376,20.29,40,63.2,32.746,1
86.9422132106371,6.157,42.5,42.105,32.012,1
87.9708364827412,13.039,42.5,50,30.566,1
88.4361969634274,17.63,42.5,50,31.265,1
88.689473768625,16.93,42.5,50,33.314,1
88.968640107905,26.927,41.5,62.5,37.205,1
88.2961297575076,16.34,41.5,38.5,30.679,1
88.0997742591377,16.61,42,50,33.055,1
88.281547241598,13.039,42,37.5,30.958,1
88.6183131993188,6.325,47,61.111,33.366,1
88.0531750211455,15.35,46,50,40.816,1
87.731379807994,16.85,46,50,35.615,1
89.9166261049789,16.81,45.5,64.286,36.946,1
91.0183338083025,12.5,46,63.158,40.445,1
90.9963719323817,12.657,46,61.111,26.362,1
82.6144615334854,11.251,18.8908145580589,26.3,38.588,1
82.8957849049856,10.18,18.8908145580589,14.3,39.128,1
82.9353636805443,12.16,26.8630849220104,20.8,39.205,1
83.190947849628,12.409,26.8630849220104,26.667,35.583,1
83.6797296632273,11.658,26.1698440207972,48.6,32.028,1
83.9113394592102,10.725,26.1698440207972,50,30.934,1
84.1584158415842,10.117,26.1698440207972,52.9,31.073,1
83.9262623918305,11.643,38.9948006932409,50,32.639,1
84.3999667801678,10.505,39.5833333333333,50,34.381,1
84.8348222516468,12.647,39.6880415944541,52.941,34.296,1
85.0033967391304,11.56,39.5147313691508,50,34.946,1
86.2002706812144,18.518,39.5147313691508,42.105,36.783,1
86.1945196829459,7.174,37.261698440208,35.294,39.346,1
86.6684504498478,10.505,37.7816291161178,47.059,38.716,1
86.7560897812547,3.371,36.0485268630849,40,35.736,1
81.0618564229898,18.731,22,22.6,43.413,1
81.515116006562,18.51,22.3076923076923,14.3,32.116,1
81.7096340465334,18.137,22.4615384615385,17.2,32.392,1
82.5852598184649,17.875,22.4615384615385,14.286,32.389,1
83.0147372133002,17.437,22.6153846153846,15.6,32.852,1
83.2948953360264,18.732,29.3846153846154,22.7,32.436,1
83.8810227456516,17.858,29.5839753466872,30.8,34.032,1
84.4415599740398,18.518,32,9.091,34.417,1
84.6167426805944,19.322,32.1538461538462,21.7,34.28,1
86.0310256866584,18.97,32,30.435,35.375,1
86.8526609307666,16.157,33.8461538461538,23.81,36.209,1
87.7511498426531,18.27,34.2592592592593,38.5,38.813,1
87.0108720237647,16.914,34.5679012345679,33.333,39.078,1
86.3657578175577,14.577,34.6153846153846,33.333,39.461,1
86.4119120176206,16.28,40.4615384615385,50,40.897,1
68.4832546497259,15.586,17.3333333333333,31.3,29.849,1
69.6937339222443,12.5,18.6666666666667,14.286,22.08,1
71.1126774415631,21.25,21,5.6,22.173,1
71.2138957161473,5.88,21,36.842,25.656,1
73.0053013018387,16.81,21,5.3,27.753,1
74.5832768667841,4.47,19.6666666666667,10,24.759,1
74.9027402612847,4.254,19.6666666666667,21.1,24.698,1
74.4391039249987,2.422,18.3333333333333,21.7,29.884,1
73.6767028376382,3.942,18.6666666666667,25,30.402,1
73.9534646565936,5.071,20.6666666666667,11.111,30.54,1
73.6492776609316,3.479,21.6666666666667,10.526,28.441,1
74.5887789234111,12.03,21.6666666666667,12.5,29.441,1
74.1823951895774,15.35,21,10.526,33.735,1
74.9748254564984,13.958,23,25,31.359,1
74.9389432551245,11.27,23,20,37.041,1
51.9578821148874,-8.93,12.0253164556962,0,33.151,1
47.9967440357198,-2.423,13.2911392405063,28.6,60.726,1
52.2904534412014,-1.034,13.2911392405063,0,35.571,1
48.6700268569957,22.382,13.2911392405063,21.4,29.405,1
48.5883396735498,-8.742,13.2911392405063,26.7,35.438,1
45.9789226886132,-6.339,13.9240506329114,20,34.627,1
47.8209843681944,-12.983,13.9240506329114,18.8,39.173,1
45.9817286417815,-28.104,12.6582278481013,10.714,34.497,1
46.0422685479327,8.763,12.6582278481013,6.7,37.789,1
45.2270677424859,-2.581,19.375,13.333,39.358,1
46.4876614243703,-3.29,19.375,13.333,21.417,1
47.8386569113526,-27.567,19.375,10.526,48.03,1
50.1603774753242,-16.374,19.375,7.143,37.642,1
50.0303311668214,-12.983,20,42.857,42.854,1
50.0613633827959,0.512,20,38.462,41.168,1
52.545546371688,-16.725,17.96875,35.7,35.542,1
49.728015642234,-14.601,19.53125,16,31.563,1
48.7778159909307,-16.374,19.53125,17.6,35.894,1
52.9928094441664,-25.762,19.8795180722892,57.895,36.213,1
55.8999720524442,-25.902,25.78125,17.6,42.324,1
57.0282256088597,-24.817,25.78125,17.4,42.386,1
56.874403854968,-21.429,25.78125,27.3,41.081,1
55.1632269264153,-18.041,12.6582278481013,10,41.044,1
60.6001179060842,-23.146,21.09375,32,47.107,1
57.408152074575,-24.876,21.09375,33.333,47.47,1
65.1218844152287,-57.224,21.09375,28,39.664,1
65.6863523310578,-36.649,27.34375,27.3,27.906,1
61.2110818274675,-24.678,27.34375,38.095,27.906,1
52.852784845538,-28.104,27.34375,38.095,41.431,1
52.7028830752803,-27.567,27.34375,37.5,50.79,1
80.3161265883811,0.858,9.06735751295337,0,39.963,1
80.2652547164962,12.5,8.80829015544041,11.765,38.223,1
80.4393145878883,16.521,8.80829015544041,10,36.255,1
79.4845326495954,17.64,8.80829015544041,10,38.259,1
78.9537437818981,11.76,10.0502512562814,11.1,37.586,1
78.827804107425,11.76,10.1010101010101,0,39.062,1
78.774447509531,12.596,10.1010101010101,0,37.725,1
78.067465900055,14.22,10.0502512562814,26.7,37.636,1
78.2853500478062,14.496,12.5628140703518,7.7,36.69,1
77.4137204119737,14.37,12.5628140703518,15.385,35.576,1
77.3517012947907,9.016,12.0603015075377,21.429,36.798,1
78.1870365941163,16.53,13.0653266331658,16,35.992,1
78.718674511315,17.64,14.070351758794,9.091,37.053,1
79.4479386074737,4.781,14.070351758794,0,38.466,1
79.3923946193626,15.91,14.572864321608,0,23.002,1
61.9077692896268,13.976,18.0357142857143,14.3,19.429,1
61.4517800756864,15.373,18.2142857142857,14.286,24.89,1
61.6875726317555,8.763,18.5714285714286,11.4,48.547,1
61.1601543656536,11.333,18.5714285714286,24.242,24.823,1
61.2193087440612,11.819,16.9369369369369,11.8,25.43,1
61.5507710212394,6.018,17.1171171171171,22.9,23.145,1
62.3061683705914,9.863,17.1171171171171,25.7,38.75,1
63.7118535963105,12.454,19.8214285714286,12.5,27.881,1
64.5961751224909,-8.327,19.8214285714286,23.5,38.196,1
65.3135593220339,14.225,17.3913043478261,14.286,19.645,1
65.1402544292483,8.752,20.3478260869565,17.143,24.345,1
65.2976511455838,1.398,21.0434782608696,9.1,36.452,1
64.4544997486174,12.717,21.9130434782609,20.69,16.342,1
64.5040510680088,13.454,21.5652173913044,20.69,24.823,1
64.5824121837386,4.359,21.0344827586207,12.5,36.255,1
35.6788713301284,22.382,10.8256880733945,10,12.153,1
34.8133937473969,8.763,11.0091743119266,4,36.301,1
33.965760117771,0.842,11.0091743119266,9.8,27.753,1
33.9316152339278,-2.423,11.0091743119266,26.7,45.822,1
33.9675369420412,-12.983,11.4180478821363,9.3,46.412,1
34.0781836585647,-2.947,11.9705340699816,22.2,18.762,1
34.2209237976345,-12.983,11.9705340699816,18.5,26.156,1
34.3832428238945,-12.983,11.8081180811808,9.4,32.407,1
34.5333367977966,22.382,11.8081180811808,23.1,14.356,1
34.6574591405149,20.732,14.3911439114391,12.5,17.001,1
34.3466370734414,21.195,14.3646408839779,9.091,17.328,1
36.496235058712,22.293,14.4444444444444,6.452,16.956,1
38.6194518681549,21.565,14.9446494464945,6.667,16.209,1
40.6942364050798,21.746,15.2416356877323,6.452,12.726,1
42.5548752010793,21.964,13.6531365313653,5.556,11.885,1
89.4510800508259,19.35,42.8571428571429,45.5,37.145,1
89.5171813832101,7.757,39.6825396825397,48.6,39.086,1
90.6871504788841,19.35,39.6825396825397,50,38.196,1
90.3592837234164,-6.63,39.6825396825397,23.7,37.867,1
89.9016073306294,10.117,39.6825396825397,37.5,38.244,1
90.4576496784386,19.25,41.2698412698413,44.4,39.506,1
89.3571664849368,15.99,47.6190476190476,40,34.761,1
89.6334379711793,4.359,38.0952380952381,21.1,32.956,1
89.3947536148569,16.914,38.0952380952381,40,43.047,1
89.7118151997688,14.496,38.0952380952381,40,44.006,1
89.3849487887309,4.254,38.0952380952381,40,38.621,1
89.2497128179976,14.19,47.6190476190476,33.3,37.338,1
90.2602801048794,11.75,47.6190476190476,41.667,39.37,1
89.1524135309768,15.45,47.6190476190476,50,37.347,1
89.141270022448,7.176,46.031746031746,60,35.226,1
82.8792708077938,17.64,19.1666666666667,6.7,19.645,1
82.5090993124964,17.858,20,14.3,38.591,1
83.0157264383255,7.176,20,10.3,31.697,1
82.9834966839131,6.157,22.5,38.095,32.498,1
84.3006713667008,15.52,22.5,18.2,32.407,1
84.3906616315472,15.1,26.6666666666667,18.2,31.929,1
84.9796033197355,19.35,26.6666666666667,19,34.33,1
84.9952061361457,15.99,27.5,42.857,34.838,1
86.69458808781,15.99,27.5,19,33.446,1
87.1612003393389,12.245,23.3333333333333,16.667,30.828,1
87.9262877442274,12.245,27.5,25,28.78,1
89.0015356402726,18.75,28.3333333333333,30.8,30.063,1
89.2193362825398,12.259,23.3333333333333,12.5,33.379,1
90.6937170854787,11.122,24.1666666666667,10.714,32.168,1
91.0331469824361,14.566,25,16.667,32.759,1
64.2355694227769,-0.554,21.2698412698413,21.7,21.164,1
65.0301508396112,-0.295,21.5873015873016,4.7,21.588,1
66.6655377372869,0.434,21.4285714285714,16.7,22.214,1
67.2981807602129,-0.197,31.4285714285714,14.3,22.018,1
67.9941835600034,0.446,31.4285714285714,30,21.912,1
67.2304620163506,-2.132,30.952380952381,43.8,21.757,1
67.961939007429,-2.45,30.952380952381,27.8,22.046,1
68.6929731010783,-2.516,30.952380952381,27.8,22.356,1
68.9477158477345,-1.928,35.7142857142857,27.8,23.015,1
69.4472754450333,-1.377,35.7142857142857,33.333,23.152,1
68.6270082501086,-2.519,35.7142857142857,36.364,23.255,1
69.2959899923553,0.434,35.7142857142857,25,24.046,1
69.7462645458927,12.16,32.25,26.667,23.145,1
70.24109085963,9.449,32.25,25,24.82,1
70.4061268698722,14.761,32.25,25,27.525,1
23.1498079385403,-0.148,10.8333333333333,6.9,22.159,1
23.4079844206426,8.239,10.8333333333333,12.5,7.106,1
23.0012442969722,-8.742,10.8333333333333,6.7,35.571,1
21.8538462836982,-12.983,12.1621621621622,11.8,32.392,1
21.1051736284129,8.763,12,11.1,14.356,1
22.9271335603736,-6.617,12,11.1,34.88,1
24.8776940367579,-9.51,15.3846153846154,7.1,32.403,1
26.9570297286771,7.486,15.3846153846154,25,63.299,1
23.8284236381086,-6.617,15.3846153846154,20.8,58.189,1
21.8746503412669,-13.741,15.3846153846154,13.793,61.956,1
23.8382551938231,-30.012,11.5384615384615,9.375,60.247,1
22.7500814597589,-23.317,11.5384615384615,5.882,57.244,1
22.7171855623001,-18.195,12.3076923076923,16.667,22.214,1
22.8599412340842,-4.682,12.3076923076923,22.222,52.314,1
22.8085078576796,8.763,19.5652173913043,15.385,6.365,0
91.7438959690255,23.966,21.1382113821138,9.7,12.802,1
91.5467907559453,29.42,20.3252032520325,22.2,14.639,1
88.9701373907119,16.77,20.3252032520325,4.9,16.673,1
85.9254639734839,18.893,20.3252032520325,7.1,22.47,1
85.7571041558591,17.971,20.3252032520325,4.7,15.887,1
85.0176596607029,14.566,20.3252032520325,7,25.094,1
86.1960125346292,13.039,20.3252032520325,9.1,33.142,1
87.9883475917973,17.971,20.3252032520325,31.3,20.152,1
87.877956177668,7.252,20,9.4,24.619,1
87.7839876408579,11.15,20,9.375,29.234,1
87.7698333181528,15.474,20,9.375,24.532,1
85.9122590270169,12.245,21.6,12.9,24.619,1
85.5257379284839,17.875,20.8,11.111,34.88,1
85.5646019336633,11.122,13.6,11.111,23.571,1
85.5412907702984,18.893,13.6,11.111,24.341,1
45.7730819508645,11.722,5.33333333333333,5.9,23.731,1
46.224128540305,10.374,5.77777777777778,7.1,25.346,1
43.9456752900638,-12.983,5.77777777777778,10,27.967,1
47.105702364395,11.71,5.77777777777778,7.7,23.48,1
46.3297249037442,8.759,5.77777777777778,2.9,23.998,1
47.9271799880623,3.484,4.88888888888889,7.1,23.74,1
47.6810084806514,9.357,5.77777777777778,4.3,25.635,1
49.0507318266447,-10.748,5.77777777777778,0,23.165,1
45.9071179953684,12.023,5.77777777777778,6.7,22.524,1
47.1653161576287,12.412,5.33333333333333,6.25,25.639,1
44.5048843910324,9.838,5.38116591928251,3.704,26.074,1
44.6657447142185,-3.648,5.38116591928251,11.8,21.417,1
45.3936973945017,1.293,5.33333333333333,0,24.561,1
45.2760753765966,-6.339,5.33333333333333,5,45.822,1
45.2911130878935,-13.073,10,9.091,41.168,1
84.560547032864,12.5,19.1489361702128,14.3,41.978,1
83.4996989574421,5.137,19.1489361702128,27.8,36.469,1
84.0883226907758,15.1,24.4604316546763,14.3,35.3,1
82.5192160775815,12.5,24.113475177305,35.294,36.458,1
82.7816706619952,10.725,24.113475177305,7.1,35.362,1
83.8876730063808,-6.63,23.4042553191489,21.4,38.099,1
84.2336474081256,11.643,21.2765957446809,21.4,38.823,1
84.0475186701999,6.325,21.2765957446809,42.9,37.92,1
83.5450525724257,12.5,21.2765957446809,0,38.155,1
84.3680431673768,20.29,21.2765957446809,7.692,38.591,1
83.2953373894608,14.37,26.9503546099291,42.857,37.335,1
84.321535657593,26.927,27.6595744680851,30.8,36.181,1
85.0878221857315,12.5,28.3687943262411,42.857,37.009,1
84.3944450111479,-2.877,28.3687943262411,35.714,35.384,1
84.4378301088447,20.39,28.3687943262411,28.571,22.08,1
54.1857501545605,-2.947,26.2,10.5,34.109,1
54.9343895124451,-4.251,26.2,7.692,39.828,1
56.073976954691,-3.605,36.8,21.1,38.585,1
56.3501615253056,-3.554,36.8,29.2,35.834,1
55.2693030103051,-3.541,37.4,17.6,35.954,1
55.9108033805111,-3.726,42.3694779116466,17.6,36.131,1
56.1981781712723,-3.549,42.4,15.8,36.452,1
55.7626187098176,-3.708,42.6,40,37.275,1
56.4626111430947,-2.757,48.2,42.1,36.27,1
58.3842576578654,-1.877,48.2,35,36.598,1
57.5291066600453,-6.494,48.2,42.105,39.716,1
58.1886713706259,-4.56,50,28.6,38.884,1
59.5028067361668,-1.67,50,42.105,38.779,1
61.0148291424887,0.842,50,42.105,39.233,1
61.1779901834151,0.007,50.2,45,37.28,1
61.2507710129229,1.28,32.5,9.5,26.959,1
63.9249294533944,21.527,30.8943089430894,16.7,26.504,1
63.4204701800562,13.454,32.520325203252,13.6,23.28,1
65.5335861321777,3.563,34.1463414634146,42.105,24.667,1
64.2320390815244,-13.788,33.3333333333333,8.7,25.954,1
63.6980938902105,11.193,33.3333333333333,8,23.002,1
61.7902551925216,17.036,33.3333333333333,17.391,27.275,1
62.6372624960131,17.036,37.5,9.091,22.536,1
63.4220917904829,15.29,38.3333333333333,16,28.116,1
67.0704414917758,-14.313,39.1666666666667,21.739,28.151,1
66.3333703075728,24.83,39.1666666666667,21.053,24.17,1
64.8479087452472,-6.237,41.6666666666667,15,24.99,1
65.4559553349876,14.543,41.6666666666667,17.647,29.798,1
65.3461640438573,14.161,42.5,25,32.403,1
65.4710492014385,5.941,39.1666666666667,15,31.628,1
82.3483886945485,19.66,3.94736842105263,7.1,37.886,1
81.7814932257134,19.322,3.94736842105263,10.3,37.919,1
81.8190115456578,10.923,14.8648648648649,7.1,38.684,1
81.8076459734358,15.45,14.8648648648649,14.3,37.291,1
81.1078620020909,3.371,14.8648648648649,16.7,34.165,1
80.7474912344336,7.174,14.4736842105263,11.1,37.774,1
80.2057030239576,5.944,17.1052631578947,13.3,36.712,1
80.0361542785095,8.004,17.1052631578947,11.111,40.007,1
75.9974137044276,-6.965,17.1052631578947,13.3,35.907,1
78.6819770344483,9.552,17.3333333333333,6.667,42.513,1
78.1925428399208,3.563,17.3333333333333,18.75,46.618,1
76.3204045245959,12.468,17.1052631578947,18.75,42.24,1
77.419632729831,16.222,17.1052631578947,12.5,39.931,1
77.7204176334107,18.006,17.1052631578947,18.75,50.359,1
77.524101665206,5.944,25.3968253968254,18.75,22.018,1
58.0214117898334,21.527,18.8405797101449,31.3,26.189,1
57.3929908681949,23.18,18.8405797101449,38.462,21.331,1
57.8636650932612,16.503,18.8405797101449,8,23.091,1
60.3849615172803,13.223,18.8405797101449,8.3,28.933,1
60.5371319936272,15.012,18.8405797101449,8.3,27.261,1
62.4488256841198,13.072,11.5942028985507,12,27.767,1
61.5207466912313,18.405,11.5942028985507,10,29.502,1
61.8176409341068,17.036,11.5942028985507,16.7,30.822,1
62.6239323281426,14.543,11.5942028985507,8.7,31.032,1
63.6510722316678,10.553,20,12.5,16.732,1
63.4654130288784,-4.56,20,13.043,38.884,1
63.0806394534796,12.852,20,31.8,40.037,1
62.1607145442175,18.513,20,14.286,27.028,1
62.3476877727027,21.357,20,17.391,35.368,1
62.412666793608,-0.051,19.4029850746269,8.333,31.535,1
28.010321465343,21.954,22.2222222222222,7.5,6.403,0
28.4669663324241,23.82,22.5146198830409,11.8,5.751,0
28.670598275357,18.893,22.5146198830409,10,3.483,0
28.8758805939892,27.002,20.7430340557276,0,4.217,0
29.5212287776436,29.186,20.7430340557276,0,5.945,0
30.3801477015062,26.135,20.5882352941176,0,3.946,0
29.2922905706192,10.81,20.5882352941176,0,7.058,0
28.2347889778496,22.71,20.5882352941176,11.8,6.403,0
27.2071435778428,23.732,20.2346041055718,12,6.582,0
29.4627690591486,13.255,20.2346041055718,12,6.326,0
29.7760010152928,-10.126,20.1754385964912,10.714,6.695,1
30.4094954008212,-5.122,20.1754385964912,6.7,7.828,0
30.1486835699037,-18.041,20.4678362573099,9.375,40.007,1
30.1378906590601,-27.567,20.4678362573099,5.882,35.894,1
30.190416925949,-1.67,17.0418006430868,0,25.635,1
59.2792351066438,0.35,8.45070422535211,26.7,39.078,1
57.6627108057464,2.422,8.45070422535211,12.5,45.822,1
59.7600805461421,-3.226,8.45070422535211,29.4,46.516,1
61.6222983173165,-0.063,8.45070422535211,33.3,40.611,1
62.5997775855678,2.995,19.2982456140351,31.6,43.541,1
64.3514236432268,-0.032,18.3098591549296,27.8,24.698,1
64.8732012487096,1.736,18.3098591549296,29.4,23.646,1
65.5669197465019,-5.726,18.3098591549296,4.762,33.119,1
67.4308691617693,-11.406,18.3098591549296,26.7,42.733,1
69.691160282495,9.222,21.1267605633803,31.579,35.431,1
72.6144418767689,-13.788,22.5352112676056,31.25,40.445,1
63.558605987339,-15.236,22.5352112676056,33.333,41.323,1
64.5819397993311,-15.468,22.5352112676056,31.25,35.511,1
67.7283360324927,-3.88,22.5352112676056,35.294,47.006,1
67.8480327742135,-11.77,21.4285714285714,35.294,46.054,1
83.2310483917571,14.923,27.5,22.2,53.958,1
82.6324095994058,13.066,21.5384615384615,52.9,35.712,1
82.3577235772358,13.561,21.5384615384615,16.7,30.929,1
81.9779526823458,12.094,21.5384615384615,37.5,27.294,1
81.5778321875883,9.861,22.3076923076923,44.4,42.157,1
80.2619403516265,11.251,22.3076923076923,22.2,30.088,1
81.4208767162815,9.016,27.6923076923077,36.8,38.813,1
81.8747123859869,8.004,27.6923076923077,28.571,31.919,1
82.5133190790639,12.259,27.6923076923077,27.8,38.585,1
82.5717923327203,11.057,30,55,37.27,1
76.5683954722773,2.36,26.1538461538462,42.105,48.82,1
81.8832710374786,5.728,40,23.529,28.858,1
80.9582741843507,9.449,40,47.368,32.933,1
80.8655243964564,9.824,38.7596899224806,36.842,38.553,1
80.9693053311793,8.413,38.4615384615385,10.526,35.69,1
64.0195308862073,-6.496,22.1428571428571,13.6,42.203,1
64.458934334453,-7.205,22.887323943662,8.7,41.168,1
64.2960446879934,-8.963,22.887323943662,18.2,42.157,1
64.5530909042347,-10.653,27.3356401384083,17.391,43.01,1
65.0273368723441,-10.562,27.3356401384083,16,41.759,1
65.3850287495298,-12.12,27.2413793103448,20,42.722,1
64.0185984722683,-14.313,29.7945205479452,25,23.854,1
61.2648758925535,-14.443,29.4520547945205,25,23.245,1
62.6256791142287,-15.424,29.4520547945205,10.3,25.509,1
64.1470705734871,-16.326,27.9605263157895,8.571,29.31,1
63.6290442820934,-19.39,27.9605263157895,13.043,35.429,1
64.0623188405797,-16.353,27.9605263157895,25,37.965,1
69.2603794335991,-15.873,27.3311897106109,26.316,41.323,1
69.3281764001486,-12.661,27.3311897106109,17.391,43.164,1
69.0563428966471,-19.39,27.3311897106109,17.391,41.689,1
83.0927436156914,7.175,27.3913043478261,31.3,35.712,1
81.4693865378307,8.866,28.695652173913,20,26.156,1
82.5837522834669,7.176,28.695652173913,18.2,27.967,1
83.2516025887381,6.157,31.304347826087,20.8,27.423,1
83.4673164069775,9.424,31.304347826087,21.4,31.919,1
83.8335415365396,7.804,34.7826086956522,28.6,30.254,1
83.399197138439,7.757,34.7826086956522,22.2,32.202,1
83.7474763161982,5.443,34.7826086956522,52.9,30.229,1
84.5775327789716,6.325,34.7826086956522,29.4,31.886,1
85.0581885120589,5.502,38.695652173913,42.105,37.063,1
84.8359019404296,5.659,40,42.105,34.946,1
86.334579469502,10.923,40,37.5,34.588,1
86.6084704302365,5.944,36.9565217391304,41.176,37.468,1
86.9684390645795,5.485,36.0869565217391,52.941,38.104,1
86.9677214183495,7.174,32.6086956521739,41.176,38.682,1
70.8067119510391,25.43,11.377245508982,6.3,36.278,1
71.7039282126377,8.413,11.2121212121212,11.8,31.845,1
71.0431046149682,-1.928,13.3495145631068,16.7,30.828,1
70.7659588833001,-0.554,13.3495145631068,12.5,30.582,1
70.6874341257759,10,13.5135135135135,22.2,30.729,1
70.1884496480958,9.808,13.715710723192,14.3,31.535,1
69.8298926507019,12.094,13.715710723192,24,32.417,1
70.6862505099959,1.369,20.6686930091185,5.6,30.088,1
69.9873220206749,1.57,20.6686930091185,28,30.062,1
69.5970518353295,2.2,21.8844984802432,17.647,34.193,1
68.9815784808291,0.9,21.8844984802432,5,35.134,1
67.866381020392,1.28,18.5410334346505,22.2,35.791,1
68.6749288066564,7.896,19.0909090909091,10,32.487,1
67.6337524754069,21.527,19.0909090909091,33.333,33.991,1
67.5492192803802,16.503,19.2073170731707,12.5,28.933,1
79.3971485608302,9.449,14,16.7,38.694,1
79.5310912989505,-3.641,13.5555555555556,13.333,39.562,1
79.304372315708,-23.89,13.5555555555556,15.8,39.187,1
78.7588727247171,10.877,13.5555555555556,6.7,38.473,1
78.4394336948743,5.502,13.5555555555556,6.7,38.129,1
77.9372398424689,24.42,13.5555555555556,6.5,38.669,1
77.8690700761545,-2.132,12.6666666666667,9.7,40.568,1
77.7868345606836,25.29,15.7777777777778,11.111,39.383,1
78.16918284208,13.976,15.7777777777778,12.9,39.828,1
78.2724157624215,24.83,15.7777777777778,12.903,41.989,1
78.594432942259,9.552,15.7777777777778,9.677,43.157,1
78.5563751317176,23.71,16.2222222222222,17.391,43.712,1
79.0960451977401,-6.295,16.2222222222222,4.762,41.181,1
79.4264500625926,-6.965,16.4444444444445,4.762,41.927,1
79.3521208599651,-6.965,16.4444444444444,9.524,40.853,1
78.9731513380722,-4.181,56.25,33.3,34.694,1
79.3439082405475,-14.443,56.25,32,30.497,1
79.7327589996044,1.736,56.25,32,41.426,1
80.1135444397053,18.731,63.75,39.3,18.83,1
80.493098102901,27.958,63.75,39.3,29.502,1
80.9045226130653,13.561,63.75,35.5,32.852,1
81.3763011719855,-2.516,63.75,47.4,33.523,1
81.9194323438272,37.319,61.25,30,36.301,1
80.5398572278406,0.446,61.25,51.9,33.217,1
78.9581842814303,11.643,61.25,53.571,35.583,1
81.7996736791949,17.65,61.25,54.839,34.185,1
81.7078477078477,25.43,61.25,54.839,35.431,1
82.695796794678,26.927,61.25,47.619,24.753,1
83.1683168316832,31.823,61.25,30,38.383,1
83.1021310816244,-23.89,63.75,26.316,30.46,1
60.2458747821072,-1.949,19.047619047619,15.4,37.641,1
59.8252529234003,-4.135,19.047619047619,12.5,42.934,1
60.8353415758592,-2.581,26.1904761904762,11.1,55.833,1
62.4418773133817,-7.254,26.1904761904762,17.391,42.691,1
61.384264750963,-8.327,27.3809523809524,7.1,35.58,1
60.4374983245315,-1.034,32.1428571428571,21.4,40.671,1
61.0837766844007,-0.392,32.1428571428571,21.4,34.077,1
60.038825656845,-5.769,32.1428571428571,22.7,32.647,1
60.008013890744,-9.408,30.952380952381,33.3,35.736,1
60.3871459151378,-5.484,30.952380952381,47.059,43.128,1
59.9585463589885,-2.947,33.3333333333333,43.75,48.82,1
59.90831644077,-10.328,27.3809523809524,18.2,40.459,1
60.1854152228775,-10.126,27.3809523809524,37.5,42.733,1
60.8435778978415,-3.29,27.3809523809524,37.5,39.012,1
60.7642367390484,-57.224,31.6666666666667,31.25,36.213,1
74.6298401263636,19.66,15.3333333333333,13.3,34.88,1
73.6587801618423,7.175,16,14.3,28.634,1
74.1100039506606,11.76,18.6666666666667,14.3,30.404,1
74.8671189028867,12.36,18.6666666666667,7.1,29.881,1
76.3442596479897,19.66,18.6666666666667,7.1,27.881,1
76.524417199611,19.1,18.6666666666667,0,27.816,1
77.1925440272837,14.761,20,14.3,34.316,1
77.7823760678708,12.5,20,22.222,30.585,1
77.1426461901949,3.479,20,35.7,30.367,1
77.363722640726,16.85,20,26.667,33.35,1
77.8989321702512,14.22,22.6666666666667,20,34.532,1
82.5624282000121,14.43,22.6666666666667,18.75,35.242,1
83.1360372598486,15.45,21.3333333333333,14.286,35.588,1
83.1234895724558,20.69,22,21.429,34.109,1
83.1687773843107,12.5,22.6666666666667,13.333,16.673,1
87.3796474596356,8.866,44.9856733524355,45,31.338,1
88.0430603613995,19.66,44.6991404011461,64.286,33.523,1
88.6085150571132,7.804,44.6991404011461,52.2,34.495,1
88.9026860023357,9.861,44.9856733524355,56.5,35.511,1
89.215903878309,15.91,44.6991404011461,56.5,37.452,1
89.9656959562809,12.36,43.5530085959885,52.2,39.795,1
89.934526278367,12.03,43.5530085959885,52.2,39.514,1
90.077597143953,11.22,43.5530085959885,42.105,39.448,1
90.4199126534467,10.7,46.1318051575931,54.5,39.03,1
90.3821787429649,9.94,47.2779369627507,54.545,41.902,1
89.4700335010847,9.76,46.9914040114613,57.143,43.094,1
89.8126446439364,13.363,46.9914040114613,33.3,44.143,1
89.6755291877243,9.91,46.4183381088825,47.826,42.422,1
90.4647518052524,17.64,46.4183381088825,47.826,43.797,1
90.4278090546564,11.122,46.7048710601719,47.826,42.157,1
79.5982901709829,18.75,13.3192389006343,12.5,24.345,1
81.2329494253725,10.18,15.8,0,34.571,1
80.3653250009263,18.51,15.8,8.7,15.504,1
78.6165122671282,20.38,15.8,15.385,27.089,1
78.1907718932125,-0.44,6.09137055837564,8.3,29.374,1
78.3706783706784,-2.025,6.09137055837564,4.2,29.832,1
78.2231120240246,-3.193,6.09137055837564,11.1,29.533,1
77.909922682104,-3.539,4.8,2.9,30.76,1
77.8405007383015,-4.181,5.28455284552846,0,30.87,1
78.0287474332649,-5.21,16.2,0,30.959,1
78.3338192806213,-6.63,15.7464212678937,0,33.212,1
78.6434731764362,-7.53,15.7464212678937,14.3,32.044,1
79.0992856953185,-2.877,15.7464212678937,5.263,33.126,1
78.9834798827604,-3.36,18.8376753507014,15.789,34.694,1
78.7931934719452,-3.641,19.4,15.789,34.914,1
39.0165192914617,-10.101,9.10746812386157,7.7,18.762,1
40.1905750933229,-9.093,14.1818181818182,9.4,18.662,1
41.5084470205697,-7.351,14.1818181818182,4,14.346,1
43.024219024219,-4.473,14.4160583941606,23.1,16.572,1
42.4638639850249,-1.381,14.4160583941606,4,15.504,1
44.0098621539841,-0.051,14.9090909090909,4,14.483,1
45.0805407437315,-2.654,14.9090909090909,3.8,16.732,1
46.3508694330025,-3.129,14.5719489981785,9.4,17.265,1
47.0337639419299,1.188,17.4496644295302,11.8,16.342,1
47.7336637246986,-0.056,17.4496644295302,11.765,17.523,1
45.3022599700238,-9.898,17.3174872665535,11.765,19.279,1
46.709898097342,0.883,17.3333333333333,11.765,20.654,1
49.0984548947029,2.535,17.3539518900344,5.882,19.645,1
50.2967400781931,4.238,19.8333333333333,5.882,20.546,1
50.8764063835451,5.939,19.8664440734558,5.882,21.453,1
73.6173864078191,5.443,15.1515151515152,21.4,23.646,1
74.6987318483474,5.88,12.1212121212121,12,31.238,1
75.5159875949096,9.91,12.1212121212121,7.1,36.471,1
73.5058517209772,-2.516,12.1212121212121,11.765,34.176,1
75.1538766345265,12.5,13.1313131313131,14.3,31.797,1
75.6832327360228,9.449,16.1616161616162,14.3,34.013,1
76.4858407319921,13.976,16.1616161616162,35.7,33.673,1
76.8805628317128,16.77,20.2020202020202,17.647,35.052,1
77.5878086997518,23.71,20.2020202020202,42.9,37.267,1
78.2312830503757,5.728,19.1919191919192,33.333,36.505,1
79.1766708866285,19.66,21.2121212121212,14.286,39.883,1
79.6647489168265,13.958,24.2424242424242,18.2,39.822,1
77.9681436756651,1.369,25.2525252525253,14.286,35.931,1
80.4811218682816,4.781,26.2626262626263,21.429,33.871,1
80.7288806274907,0.858,28.2828282828283,21.429,33.758,1
82.0894883322629,14.496,16.7816091954023,33.3,38.801,1
81.9240222500108,12.596,16.8202764976959,15.4,38.585,1
81.6559282057182,14.761,17.9723502304147,27.3,39.073,1
81.4691682807667,16.77,17.8240740740741,12.903,38.75,1
81.7363353404893,14.37,19.3103448275862,31.8,38.797,1
81.4971298697514,14.031,19.3548387096774,26.1,39.373,1
81.5405413262785,13.363,19.1685912240185,31.6,39.731,1
82.0708724441534,12.657,19.3548387096774,33.333,40.526,1
82.1814742050498,13.781,23.5023041474654,21.7,40.466,1
82.631754842272,13.958,23.4338747099768,17.391,40.848,1
82.6517894237047,13.771,27.4647887323944,46.154,42.288,1
82.5902997372289,13.759,27.6497695852535,47.059,43.204,1
82.9447380497698,11.193,28.7037037037037,33.333,42.828,1
83.7902652771198,13.504,28.9655172413793,33.333,44.363,1
83.8813103949888,15.321,28.735632183908,40,44.327,1
88.3027833515935,5.196,25.7606490872211,4.2,8.255,1
88.0305894483588,9.544,24.4,31.3,10.982,1
88.7944539701728,6.878,24.4,9.1,12.935,1
88.9509772821552,5.196,24.4,39.1,8.129,1
89.1561413142962,3.446,24.2971887550201,9.1,11.23,1
88.4077314146353,3.126,24.2971887550201,9.1,13.572,1
88.678322533317,4.728,26.7206477732794,4.2,15.306,1
88.2939766658151,6.436,26.7206477732794,33.333,14.547,1
88.4598582661877,7.957,26.7206477732794,4,14.825,1
87.1150472663483,8.29,26.7206477732794,0,14.565,1
86.3417681974383,7.252,26.7206477732794,0,22.725,1
87.7727925569099,8.248,30.2605210420842,20,15.513,1
87.9623335095803,8.69,30.2605210420842,11.111,17.074,1
88.0309418005495,9.418,30.2605210420842,11.111,21.826,1
87.9521598066035,12.259,30.6288032454361,11.111,35.052,1
75.5950563314637,18.805,44.5,34.3,32.047,1
78.4926557594307,-6.469,42.25,38.5,33.654,1
77.7334510706739,13.771,42.25,40,34.773,1
78.5266976890922,13.454,42.25,33.333,33.119,1
78.111689540937,-1.377,41.5,37.1,34.288,1
78.4091258493989,25.29,42,41.7,33.886,1
78.0393593795325,15.321,42,41.7,35.734,1
79.3075208153237,-1.377,41.8367346938776,40,35.226,1
79.2132936812092,10,42.7480916030534,48.6,33.935,1
79.7629815873795,9.52,46.3476070528967,48.276,33.261,1
79.4571302658854,9.52,46.75,48.276,35.072,1
79.4765421024811,-5.015,46.5822784810127,48.276,35.186,1
80.0784017380626,-6.902,46.5,48.148,36.527,1
81.9715037943318,0.446,45.8646616541353,50,36.026,1
82.16068715309,-5.015,44.702842377261,43.75,39.27,1
76.9226187817334,-3.539,14.0127388535032,16.7,37.205,1
77.1527083302237,15.52,11.4649681528662,12.5,44.653,1
77.4001915364817,-4.181,11.4649681528662,11.8,32.028,1
77.70672910944,-0.295,11.4649681528662,29.4,42.722,1
78.0900146156976,7.176,10.7594936708861,15,28.634,1
78.5305690072639,4.254,12.6582278481013,20,29.766,1
79.0270829214884,12.5,17.9640718562874,33.3,32.759,1
79.5771418088424,37.776,17.9640718562874,9.677,29.594,1
80.1611093175913,5.7,17.9640718562874,30,40.207,1
77.6451324799047,16.521,17.9640718562874,32.258,29.95,1
80.5227481277566,4.254,16.7664670658683,32.258,39.622,1
81.6233903314334,10.877,15.0602409638554,4.2,39.512,1
82.6551085108664,-10.207,15.0602409638554,16,36.458,1
82.8420454370901,-3.364,14.9700598802395,12.5,36.693,1
82.7766420216118,-2.025,14.9700598802395,16,43.797,1
