row_id,country,code,year,Ratio_LFP_F_M,Wage_Gap,Women_Parliament,Women_Ministers,Female_Management,Business_reg
1,Argentina,ARG,2010,65.04760345909378,-1.849,38.5214007782101,20.0,32.139,1.0
2,Argentina,ARG,2011,64.81075966477427,1.377,37.3540856031128,,30.155,1.0
3,Argentina,ARG,2012,65.59693139315843,-0.865,37.3540856031128,17.6,32.343,1.0
4,Argentina,ARG,2013,65.39512154946398,1.031,36.5758754863813,,36.492,1.0
5,Argentina,ARG,2014,65.85193106225783,-0.466,36.5758754863813,17.6,38.637,1.0
6,Argentina,ARG,2015,66.45121575869499,,,22.2,,1.0
7,Argentina,ARG,2016,67.0660201837966,,35.7976653696498,17.4,,1.0
8,Argentina,ARG,2017,67.69392450364984,-0.897,38.1322957198444,,32.629,1.0
9,Argentina,ARG,2018,69.74427383418954,1.532,38.9105058365759,25.0,33.178,1.0
10,Argentina,ARG,2019,70.44138572293994,-0.383,40.1574803149606,22.727,33.136,1.0
11,Argentina,ARG,2020,70.51346226772847,-0.138,40.8560311284047,18.182,36.984,1.0
12,Argentina,ARG,2021,70.9526229600768,1.381,44.7470817120623,,37.36,1.0
13,Argentina,ARG,2022,72.59037409206051,-0.049,44.7470817120623,22.222,37.91,1.0
14,Argentina,ARG,2023,73.60864005337484,1.42,43.1906614785992,33.333,37.982,1.0
15,Argentina,ARG,2024,73.72870732760423,5.941,42.4124513618677,25.0,36.39,
16,Austria,AUT,2010,80.60580563735802,,27.8688524590164,38.5,25.422,1.0
17,Austria,AUT,2011,81.3604826546003,,27.8688524590164,,26.074,1.0
18,Austria,AUT,2012,82.04023205002638,,27.8688524590164,46.2,27.132,1.0
19,Austria,AUT,2013,82.41097788757004,,33.3333333333333,,26.329,1.0
20,Austria,AUT,2014,83.07367910074178,,32.2404371584699,30.8,27.848,1.0
21,Austria,AUT,2015,83.16193423128261,,30.6010928961749,30.8,27.876,1.0
22,Austria,AUT,2016,83.45999577791852,,30.6010928961749,23.1,29.517,1.0
23,Austria,AUT,2017,83.55775617414407,,34.4262295081967,,29.191,1.0
24,Austria,AUT,2018,83.11988242704177,20.39,34.4262295081967,38.5,28.858,1.0
25,Austria,AUT,2019,83.42450108199088,,39.344262295082,57.143,32.009,1.0
26,Austria,AUT,2020,83.99087452471483,,39.344262295082,57.143,31.467,1.0
27,Austria,AUT,2021,83.65450011335298,,40.4371584699454,,34.309,1.0
28,Austria,AUT,2022,83.96230682246514,,40.9836065573771,25.0,31.527,1.0
29,Austria,AUT,2023,84.39739906245275,,40.9836065573771,25.0,33.793,1.0
30,Austria,AUT,2024,84.40477094887184,,36.0655737704918,25.0,,
31,Bosnia and Herzegovina,BIH,2010,63.20864166562148,2.55,16.6666666666667,0.0,30.164,1.0
32,Bosnia and Herzegovina,BIH,2011,63.0286001318557,-6.651,21.4285714285714,,22.598,1.0
33,Bosnia and Herzegovina,BIH,2012,62.77773403669001,-1.295,21.4285714285714,6.3,23.028,1.0
34,Bosnia and Herzegovina,BIH,2013,62.729787402197104,4.122,21.4285714285714,,21.416,1.0
35,Bosnia and Herzegovina,BIH,2014,62.63734518894887,7.896,21.4285714285714,0.0,24.157,1.0
36,Bosnia and Herzegovina,BIH,2015,62.75432106639454,-6.237,21.4285714285714,0.0,24.184,1.0
37,Bosnia and Herzegovina,BIH,2016,62.82318264825554,8.405,21.4285714285714,22.2,18.782,1.0
38,Bosnia and Herzegovina,BIH,2017,62.92592592592592,,21.4285714285714,,18.83,1.0
39,Bosnia and Herzegovina,BIH,2018,63.0637346254193,,21.4285714285714,22.2,26.118,1.0
40,Bosnia and Herzegovina,BIH,2019,63.15076320300384,,21.4285714285714,22.222,25.43,1.0
41,Bosnia and Herzegovina,BIH,2020,62.81439294179616,19.989,26.1904761904762,18.75,24.89,1.0
42,Bosnia and Herzegovina,BIH,2021,63.40018156309317,8.631,26.1904761904762,,20.175,1.0
43,Bosnia and Herzegovina,BIH,2022,63.70173234594022,9.808,16.6666666666667,11.111,24.09,1.0
44,Bosnia and Herzegovina,BIH,2023,65.20907216494845,10.488,19.0476190476191,11.111,27.898,1.0
45,Bosnia and Herzegovina,BIH,2024,65.34135149015125,,19.047619047619,11.111,,
46,Bolivia,BOL,2010,72.95878349315588,,25.3846153846154,20.0,,1.0
47,Bolivia,BOL,2011,72.9979322855222,,25.3846153846154,,35.552,1.0
48,Bolivia,BOL,2012,73.03822425745723,,25.3846153846154,45.5,32.028,1.0
49,Bolivia,BOL,2013,73.08094594249853,,25.3846153846154,,31.091,1.0
50,Bolivia,BOL,2014,73.12671083936657,,53.0769230769231,33.3,35.462,1.0
51,Bolivia,BOL,2015,73.17273403627594,,53.0769230769231,28.6,34.447,1.0
52,Bolivia,BOL,2016,73.22184344246479,,53.0769230769231,27.3,29.992,1.0
53,Bolivia,BOL,2017,75.68079685559553,,53.0769230769231,,26.753,1.0
54,Bolivia,BOL,2018,79.44676383090423,,53.0769230769231,14.3,30.443,1.0
55,Bolivia,BOL,2019,80.73786975757797,,53.0769230769231,25.0,28.492,1.0
56,Bolivia,BOL,2020,81.83939310757866,,46.1538461538462,22.222,30.929,1.0
57,Bolivia,BOL,2021,84.03562094208641,3.371,46.1538461538462,,28.556,1.0
58,Bolivia,BOL,2022,84.49565821875036,5.993,46.1538461538462,12.5,29.98,1.0
59,Bolivia,BOL,2023,84.73140325450412,5.137,46.1538461538462,29.412,28.015,1.0
60,Bolivia,BOL,2024,85.24318219252217,4.359,46.1538461538462,23.529,22.268,
61,Chile,CHL,2010,63.10080242077108,16.643,14.1666666666667,45.5,,1.0
62,Chile,CHL,2011,65.37060351986284,14.835,14.1666666666667,,48.547,1.0
63,Chile,CHL,2012,65.9841799397331,18.805,14.1666666666667,18.2,,1.0
64,Chile,CHL,2013,66.84493423007319,12.399,15.8333333333333,,44.653,1.0
65,Chile,CHL,2014,67.79250969738744,15.373,15.8333333333333,39.1,,1.0
66,Chile,CHL,2015,67.61737958908725,16.49,15.8333333333333,34.8,46.412,1.0
67,Chile,CHL,2016,68.44425214310826,14.161,15.8333333333333,34.8,,1.0
68,Chile,CHL,2017,69.52618990029293,14.326,,,43.072,1.0
69,Chile,CHL,2018,70.60439930494753,14.02,22.5806451612903,34.8,,1.0
70,Chile,CHL,2019,71.41926995021771,11.27,22.5806451612903,33.333,,1.0
71,Chile,CHL,2020,67.30652447604236,10.069,22.5806451612903,30.435,37.468,1.0
72,Chile,CHL,2021,67.7276296274755,9.775,35.4838709677419,,,1.0
73,Chile,CHL,2022,70.97598002355177,16.563,35.4838709677419,58.333,31.603,1.0
74,Chile,CHL,2023,72.88244947192729,15.586,35.4838709677419,54.167,,1.0
75,Chile,CHL,2024,73.08232847064114,16.259,35.4838709677419,50.0,,
76,Colombia,COL,2010,67.76294488306642,-6.295,12.6506024096386,21.4,26.417,1.0
77,Colombia,COL,2011,68.1390907512587,-6.965,12.1212121212121,,27.294,1.0
78,Colombia,COL,2012,69.43187593747288,-6.918,12.1212121212121,33.3,27.4,1.0
79,Colombia,COL,2013,69.32160048134777,-6.923,12.1212121212121,,28.256,1.0
80,Colombia,COL,2014,69.17398194028725,-5.016,19.8795180722892,31.3,27.943,1.0
81,Colombia,COL,2015,69.67052919592986,-6.469,19.8795180722892,29.4,28.336,1.0
82,Colombia,COL,2016,69.58517727249607,-5.015,19.8795180722892,35.3,28.986,1.0
83,Colombia,COL,2017,69.49588214230907,-6.902,18.6746987951807,,28.967,1.0
84,Colombia,COL,2018,68.48190973517345,-6.584,18.1286549707602,52.9,29.467,1.0
85,Colombia,COL,2019,68.2656730418469,-7.244,18.7134502923977,57.895,30.339,1.0
86,Colombia,COL,2020,67.02600621631191,,18.3431952662722,36.842,30.29,1.0
87,Colombia,COL,2021,66.64904112769058,-9.502,18.8235294117647,,30.331,1.0
88,Colombia,COL,2022,67.06083750329208,-2.459,28.8770053475936,50.0,41.689,1.0
89,Colombia,COL,2023,68.05553732890645,-2.929,28.8770053475936,42.105,41.979,1.0
90,Colombia,COL,2024,68.03814534692535,-4.505,29.4117647058824,47.368,43.491,
91,Costa Rica,CRI,2010,58.87463798096814,1.703,38.5964912280702,35.0,,1.0
92,Costa Rica,CRI,2011,61.69969866323293,-1.38,38.5964912280702,,,1.0
93,Costa Rica,CRI,2012,66.16243471997119,-7.238,38.5964912280702,29.2,,1.0
94,Costa Rica,CRI,2013,66.93703224795267,-9.024,38.5964912280702,,,1.0
95,Costa Rica,CRI,2014,66.21269571049034,5.791,33.3333333333333,25.0,,1.0
96,Costa Rica,CRI,2015,65.82684620239849,-5.743,33.3333333333333,40.9,,1.0
97,Costa Rica,CRI,2016,62.28968989834729,-9.122,33.3333333333333,30.4,,1.0
98,Costa Rica,CRI,2017,61.765853527266856,-7.452,35.0877192982456,,41.426,1.0
99,Costa Rica,CRI,2018,63.79332948765012,-8.93,45.6140350877193,51.9,37.517,1.0
100,Costa Rica,CRI,2019,69.16014113511456,-10.919,45.6140350877193,50.0,42.767,1.0
101,Costa Rica,CRI,2020,66.56994648454074,-7.679,45.6140350877193,52.0,62.09,1.0
102,Costa Rica,CRI,2021,68.14636991224859,-8.924,45.6140350877193,,41.629,1.0
103,Costa Rica,CRI,2022,68.7452149185169,-13.312,47.3684210526316,45.455,45.882,1.0
104,Costa Rica,CRI,2023,62.91185661895861,-8.742,47.3684210526316,40.909,47.158,1.0
105,Costa Rica,CRI,2024,62.73530211718224,-6.339,49.1228070175439,33.333,50.069,
106,Czechia,CZE,2010,72.45180279617365,,22.0,17.6,27.845,1.0
107,Czechia,CZE,2011,73.26580178899354,,22.0,,23.764,1.0
108,Czechia,CZE,2012,73.92781692741805,21.25,22.0,13.3,22.924,1.0
109,Czechia,CZE,2013,74.78140751517289,20.69,19.5,,24.341,1.0
110,Czechia,CZE,2014,74.5349178403756,20.77,19.5,7.1,26.307,1.0
111,Czechia,CZE,2015,75.32263048692556,21.12,20.0,18.8,27.525,1.0
112,Czechia,CZE,2016,75.75446971139061,20.38,20.0,17.6,23.02,1.0
113,Czechia,CZE,2017,76.18448943790658,20.01,22.0,,23.96,1.0
114,Czechia,CZE,2018,76.68033205433085,19.25,22.0,28.6,26.2,1.0
115,Czechia,CZE,2019,76.59188096772303,18.03,22.5,28.571,26.128,1.0
116,Czechia,CZE,2020,75.8962938929609,15.91,22.5,30.769,26.987,1.0
117,Czechia,CZE,2021,76.16226677106262,14.88,25.0,,27.57,1.0
118,Czechia,CZE,2022,76.89961543561861,,25.5,7.143,25.844,1.0
119,Czechia,CZE,2023,78.36859073444332,,26.0,6.667,26.896,1.0
120,Czechia,CZE,2024,78.4801514524049,,26.0,6.667,,
121,Dominican Republic,DOM,2010,57.83520464102813,,20.7650273224044,8.7,46.2,1.0
122,Dominican Republic,DOM,2011,59.83964914685123,,20.7650273224044,,51.831,1.0
123,Dominican Republic,DOM,2012,61.10900832702498,,20.7650273224044,13.0,57.968,1.0
124,Dominican Republic,DOM,2013,61.11058402569767,,20.7650273224044,,46.589,1.0
125,Dominican Republic,DOM,2014,61.28243573638071,,20.7650273224044,16.0,46.67,1.0
126,Dominican Republic,DOM,2015,63.20065094426289,-9.822,20.7650273224044,19.2,48.273,1.0
127,Dominican Republic,DOM,2016,63.88260078772097,-2.635,26.8421052631579,20.8,47.617,1.0
128,Dominican Republic,DOM,2017,64.42957431704046,-7.469,26.8421052631579,,51.344,1.0
129,Dominican Republic,DOM,2018,64.79441287512724,-0.658,26.8421052631579,16.7,45.551,1.0
130,Dominican Republic,DOM,2019,67.21804318902875,-0.975,26.8421052631579,17.391,50.625,1.0
131,Dominican Republic,DOM,2020,64.35726890185964,-2.099,27.8947368421053,17.391,47.621,1.0
132,Dominican Republic,DOM,2021,67.5088916213822,-4.021,27.8947368421053,,56.108,1.0
133,Dominican Republic,DOM,2022,66.12001100297343,-0.148,27.8947368421053,6.667,58.712,1.0
134,Dominican Republic,DOM,2023,68.66405871809297,4.249,27.8947368421053,9.091,53.958,1.0
135,Dominican Republic,DOM,2024,69.15634927898128,0.512,36.8421052631579,17.647,47.415,
136,Ecuador,ECU,2010,61.81090197492082,,32.258064516129,32.5,33.553,1.0
137,Ecuador,ECU,2011,61.27297818049263,,32.258064516129,,43.856,1.0
138,Ecuador,ECU,2012,62.33842004952741,,32.258064516129,40.0,43.235,1.0
139,Ecuador,ECU,2013,62.76373784002295,,38.6861313868613,,34.571,1.0
140,Ecuador,ECU,2014,61.25518605577178,-2.618,41.6058394160584,22.2,35.696,1.0
141,Ecuador,ECU,2015,65.13936473275353,,41.6058394160584,23.7,33.507,1.0
142,Ecuador,ECU,2016,69.11322614043185,,41.6058394160584,27.5,34.018,1.0
143,Ecuador,ECU,2017,69.90430205209253,,37.956204379562,,35.312,1.0
144,Ecuador,ECU,2018,68.91008208851392,,37.956204379562,22.2,35.535,1.0
145,Ecuador,ECU,2019,69.59497492580084,,37.956204379562,37.931,37.27,1.0
146,Ecuador,ECU,2020,66.93265862203191,,39.4160583941606,32.0,39.445,1.0
147,Ecuador,ECU,2021,68.59561907720988,,39.4160583941606,,37.618,1.0
148,Ecuador,ECU,2022,69.62757434835282,,38.6861313868613,25.0,39.894,1.0
149,Ecuador,ECU,2023,68.46159862349445,,43.0656934306569,50.0,42.374,1.0
150,Ecuador,ECU,2024,68.48132671715852,,43.0656934306569,42.105,39.113,
151,"Egypt, Arab Rep.",EGY,2010,30.790270327686013,17.954,12.6953125,9.4,13.876,1.0
152,"Egypt, Arab Rep.",EGY,2011,30.12336438605167,-13.073,1.96850393700787,,13.514,1.0
153,"Egypt, Arab Rep.",EGY,2012,30.314170672915065,-15.751,1.96850393700787,10.3,9.729,1.0
154,"Egypt, Arab Rep.",EGY,2013,31.246690113113264,3.807,,,7.124,1.0
155,"Egypt, Arab Rep.",EGY,2014,31.79478733478816,,,10.3,,1.0
156,"Egypt, Arab Rep.",EGY,2015,32.14456812737777,0.118,,11.8,6.415,1.0
157,"Egypt, Arab Rep.",EGY,2016,32.93929530009708,6.848,14.9328859060403,11.8,7.106,1.0
158,"Egypt, Arab Rep.",EGY,2017,32.8267881980409,8.45,14.9328859060403,,6.365,1.0
159,"Egypt, Arab Rep.",EGY,2018,27.06615518026956,6.279,14.9328859060403,24.2,7.354,1.0
160,"Egypt, Arab Rep.",EGY,2019,23.19007998596225,3.025,14.9328859060403,24.242,7.09,1.0
161,"Egypt, Arab Rep.",EGY,2020,21.336351686870163,-2.423,27.4111675126904,24.242,20.706,1.0
162,"Egypt, Arab Rep.",EGY,2021,22.200703473221026,-9.51,27.7027027027027,,20.474,1.0
163,"Egypt, Arab Rep.",EGY,2022,21.67719717668488,-2.04,27.580372250423,18.75,22.159,1.0
164,"Egypt, Arab Rep.",EGY,2023,21.802946960412687,8.239,27.5337837837838,18.75,21.135,1.0
165,"Egypt, Arab Rep.",EGY,2024,21.54849412235792,,27.7027027027027,13.333,,
166,Spain,ESP,2010,76.87196182491192,16.25,36.5714285714286,52.9,24.046,1.0
167,Spain,ESP,2011,78.37230215827337,,36.0,,28.093,1.0
168,Spain,ESP,2012,79.93079061895551,18.75,36.0,30.8,27.971,1.0
169,Spain,ESP,2013,80.40269069215317,18.75,36.0,,30.202,1.0
170,Spain,ESP,2014,80.81571228943045,12.5,39.7142857142857,30.8,27.521,1.0
171,Spain,ESP,2015,81.05859880460903,12.5,41.1428571428571,30.8,31.374,1.0
172,Spain,ESP,2016,81.4289038864324,12.5,39.1428571428571,38.5,30.665,1.0
173,Spain,ESP,2017,81.5501723626948,12.5,39.1428571428571,,26.362,1.0
174,Spain,ESP,2018,81.43426795189802,17.65,39.1428571428571,64.7,34.644,1.0
175,Spain,ESP,2019,81.94214810965721,11.76,44.0,66.667,30.497,1.0
176,Spain,ESP,2020,81.91030755372537,11.76,44.0,50.0,37.495,1.0
177,Spain,ESP,2021,83.50786592071918,5.88,43.4285714285714,,33.063,1.0
178,Spain,ESP,2022,83.19011220307331,,42.9799426934097,63.636,36.146,1.0
179,Spain,ESP,2023,84.12321897635915,,44.2857142857143,50.0,36.667,1.0
180,Spain,ESP,2024,84.28356247796687,,44.2857142857143,50.0,,
181,Finland,FIN,2010,87.61604566553758,20.29,40.0,63.2,32.746,1.0
182,Finland,FIN,2011,86.94221321063715,,42.5,,32.012,1.0
183,Finland,FIN,2012,87.97083648274125,,42.5,50.0,30.566,1.0
184,Finland,FIN,2013,88.43619696342743,17.63,42.5,,31.265,1.0
185,Finland,FIN,2014,88.68947376862499,16.93,42.5,50.0,33.314,1.0
186,Finland,FIN,2015,88.96864010790499,,41.5,62.5,37.205,1.0
187,Finland,FIN,2016,88.29612975750763,16.34,41.5,38.5,30.679,1.0
188,Finland,FIN,2017,88.0997742591377,16.61,42.0,,33.055,1.0
189,Finland,FIN,2018,88.28154724159798,,42.0,37.5,30.958,1.0
190,Finland,FIN,2019,88.61831319931878,,47.0,61.111,33.366,1.0
191,Finland,FIN,2020,88.05317502114552,15.35,46.0,50.0,40.816,1.0
192,Finland,FIN,2021,87.73137980799397,16.85,46.0,,35.615,1.0
193,Finland,FIN,2022,89.91662610497889,16.81,45.5,64.286,36.946,1.0
194,Finland,FIN,2023,91.01833380830246,,46.0,63.158,40.445,1.0
195,Finland,FIN,2024,90.99637193238168,,46.0,61.111,,
196,France,FRA,2010,82.61446153348535,11.251,18.8908145580589,26.3,38.588,1.0
197,France,FRA,2011,82.8957849049856,10.18,18.8908145580589,,39.128,1.0
198,France,FRA,2012,82.9353636805443,12.16,26.8630849220104,20.8,39.205,1.0
199,France,FRA,2013,83.19094784962796,12.409,26.8630849220104,,35.583,1.0
200,France,FRA,2014,83.6797296632273,11.658,26.1698440207972,48.6,32.028,1.0
201,France,FRA,2015,83.91133945921024,10.725,26.1698440207972,50.0,30.934,1.0
202,France,FRA,2016,84.15841584158416,10.117,26.1698440207972,52.9,31.073,1.0
203,France,FRA,2017,83.92626239183049,11.643,38.9948006932409,,32.639,1.0
204,France,FRA,2018,84.39996678016777,10.505,39.5833333333333,50.0,34.381,1.0
205,France,FRA,2019,84.83482225164676,12.647,39.6880415944541,52.941,34.296,1.0
206,France,FRA,2020,85.00339673913042,11.56,39.5147313691508,50.0,34.946,1.0
207,France,FRA,2021,86.20027068121439,,39.5147313691508,,36.783,1.0
208,France,FRA,2022,86.19451968294588,,37.261698440208,35.294,39.346,1.0
209,France,FRA,2023,86.66845044984782,,37.7816291161178,47.059,38.716,1.0
210,France,FRA,2024,86.75608978125472,,36.0485268630849,40.0,,
211,United Kingdom,GBR,2010,81.06185642298985,18.731,22.0,22.6,43.413,1.0
212,United Kingdom,GBR,2011,81.51511600656198,18.51,22.3076923076923,,32.116,1.0
213,United Kingdom,GBR,2012,81.70963404653338,18.137,22.4615384615385,17.2,32.392,1.0
214,United Kingdom,GBR,2013,82.58525981846489,17.875,22.4615384615385,,32.389,1.0
215,United Kingdom,GBR,2014,83.01473721330022,17.437,22.6153846153846,15.6,32.852,1.0
216,United Kingdom,GBR,2015,83.29489533602644,18.732,29.3846153846154,22.7,32.436,1.0
217,United Kingdom,GBR,2016,83.88102274565156,17.858,29.5839753466872,30.8,34.032,1.0
218,United Kingdom,GBR,2017,84.44155997403976,18.518,32.0,,34.417,1.0
219,United Kingdom,GBR,2018,84.61674268059438,19.322,32.1538461538462,21.7,34.28,1.0
220,United Kingdom,GBR,2019,86.03102568665837,18.97,32.0,30.435,35.375,1.0
221,United Kingdom,GBR,2020,86.85266093076659,16.157,33.8461538461538,23.81,36.209,1.0
222,United Kingdom,GBR,2021,87.7511498426531,18.27,34.2592592592593,,38.813,1.0
223,United Kingdom,GBR,2022,87.01087202376466,16.914,34.5679012345679,33.333,39.078,1.0
224,United Kingdom,GBR,2023,86.3657578175577,14.577,34.6153846153846,33.333,39.461,1.0
225,United Kingdom,GBR,2024,86.41191201762062,16.28,40.4615384615385,50.0,40.897,
226,Greece,GRC,2010,68.48325464972594,,17.3333333333333,31.3,29.849,1.0
227,Greece,GRC,2011,69.69373392224433,,18.6666666666667,,22.08,1.0
228,Greece,GRC,2012,71.11267744156314,,21.0,5.6,22.173,1.0
229,Greece,GRC,2013,71.21389571614733,,21.0,,25.656,1.0
230,Greece,GRC,2014,73.00530130183868,,21.0,5.3,27.753,1.0
231,Greece,GRC,2015,74.58327686678412,4.47,19.6666666666667,10.0,24.759,1.0
232,Greece,GRC,2016,74.90274026128468,4.254,19.6666666666667,21.1,24.698,1.0
233,Greece,GRC,2017,74.43910392499873,2.422,18.3333333333333,,29.884,1.0
234,Greece,GRC,2018,73.6767028376382,3.942,18.6666666666667,25.0,30.402,1.0
235,Greece,GRC,2019,73.95346465659364,5.071,20.6666666666667,11.111,30.54,1.0
236,Greece,GRC,2020,73.64927766093162,3.479,21.6666666666667,10.526,28.441,1.0
237,Greece,GRC,2021,74.58877892341114,,21.6666666666667,,29.441,1.0
238,Greece,GRC,2022,74.1823951895774,,21.0,10.526,33.735,1.0
239,Greece,GRC,2023,74.97482545649838,,23.0,25.0,31.359,1.0
240,Greece,GRC,2024,74.93894325512454,,23.0,20.0,37.041,
241,Guatemala,GTM,2010,51.95788211488739,,12.0253164556962,0.0,33.151,1.0
242,Guatemala,GTM,2011,47.99674403571984,,13.2911392405063,,60.726,1.0
243,Guatemala,GTM,2012,52.29045344120142,,13.2911392405063,0.0,35.571,1.0
244,Guatemala,GTM,2013,48.67002685699569,,13.2911392405063,,29.405,1.0
245,Guatemala,GTM,2014,48.58833967354976,,13.2911392405063,26.7,35.438,1.0
246,Guatemala,GTM,2015,45.97892268861322,,13.9240506329114,20.0,34.627,1.0
247,Guatemala,GTM,2016,47.82098436819435,,13.9240506329114,18.8,39.173,1.0
248,Guatemala,GTM,2017,45.98172864178146,,12.6582278481013,,34.497,1.0
249,Guatemala,GTM,2018,46.04226854793273,,12.6582278481013,6.7,37.789,1.0
250,Guatemala,GTM,2019,45.22706774248592,,19.375,13.333,39.358,1.0
251,Guatemala,GTM,2020,46.48766142437029,,19.375,13.333,,1.0
252,Guatemala,GTM,2021,47.838656911352594,,19.375,,48.03,1.0
253,Guatemala,GTM,2022,50.16037747532416,,19.375,7.143,37.642,1.0
254,Guatemala,GTM,2023,50.03033116682142,-12.983,20.0,42.857,42.854,1.0
255,Guatemala,GTM,2024,50.061363382795946,,20.0,38.462,,
256,Honduras,HND,2010,52.54554637168796,-16.725,17.96875,35.7,35.542,1.0
257,Honduras,HND,2011,49.72801564223403,-14.601,19.53125,,31.563,1.0
258,Honduras,HND,2012,48.77781599093074,-16.374,19.53125,17.6,35.894,1.0
259,Honduras,HND,2013,52.992809444166376,-25.762,,,36.213,1.0
260,Honduras,HND,2014,55.89997205244419,-25.902,25.78125,17.6,42.324,1.0
261,Honduras,HND,2015,57.02822560885971,-24.817,25.78125,17.4,42.386,1.0
262,Honduras,HND,2016,56.87440385496797,-21.429,25.78125,27.3,41.081,1.0
263,Honduras,HND,2017,55.16322692641528,-18.041,,,41.044,1.0
264,Honduras,HND,2018,60.60011790608419,-23.146,21.09375,32.0,47.107,1.0
265,Honduras,HND,2019,57.40815207457504,-24.876,21.09375,33.333,47.47,1.0
266,Honduras,HND,2020,65.1218844152287,-57.224,21.09375,28.0,39.664,1.0
267,Honduras,HND,2021,65.68635233105785,-36.649,27.34375,,,1.0
268,Honduras,HND,2022,61.211081827467495,-24.678,27.34375,38.095,27.906,1.0
269,Honduras,HND,2023,52.85278484553799,-28.104,27.34375,38.095,41.431,1.0
270,Honduras,HND,2024,52.70288307528029,-27.567,27.34375,37.5,50.79,
271,Hungary,HUN,2010,80.31612658838114,,9.06735751295337,0.0,39.963,1.0
272,Hungary,HUN,2011,80.26525471649617,,8.80829015544041,,38.223,1.0
273,Hungary,HUN,2012,80.43931458788835,,8.80829015544041,10.0,36.255,1.0
274,Hungary,HUN,2013,79.48453264959542,,8.80829015544041,,38.259,1.0
275,Hungary,HUN,2014,78.95374378189805,,10.0502512562814,11.1,37.586,1.0
276,Hungary,HUN,2015,78.82780410742497,,10.1010101010101,0.0,39.062,1.0
277,Hungary,HUN,2016,78.77444750953104,,10.1010101010101,0.0,37.725,1.0
278,Hungary,HUN,2017,78.06746590005504,,10.0502512562814,,37.636,1.0
279,Hungary,HUN,2018,78.28535004780622,,12.5628140703518,7.7,36.69,1.0
280,Hungary,HUN,2019,77.41372041197373,,12.5628140703518,15.385,35.576,1.0
281,Hungary,HUN,2020,77.35170129479073,,12.0603015075377,21.429,36.798,1.0
282,Hungary,HUN,2021,78.18703659411625,16.53,13.0653266331658,,35.992,1.0
283,Hungary,HUN,2022,78.71867451131496,17.64,14.070351758794,9.091,37.053,1.0
284,Hungary,HUN,2023,79.44793860747374,,14.070351758794,0.0,38.466,1.0
285,Hungary,HUN,2024,79.39239461936263,,14.572864321608,0.0,,
286,Indonesia,IDN,2010,61.90776928962678,13.976,18.0357142857143,14.3,19.429,1.0
287,Indonesia,IDN,2011,61.45178007568636,,18.2142857142857,,,1.0
288,Indonesia,IDN,2012,61.68757263175551,8.763,18.5714285714286,11.4,,1.0
289,Indonesia,IDN,2013,61.16015436565364,11.333,18.5714285714286,,,1.0
290,Indonesia,IDN,2014,61.21930874406123,11.819,16.9369369369369,11.8,,1.0
291,Indonesia,IDN,2015,61.55077102123945,6.018,17.1171171171171,22.9,,1.0
292,Indonesia,IDN,2016,62.306168370591394,9.863,17.1171171171171,25.7,,1.0
293,Indonesia,IDN,2017,63.71185359631046,12.454,19.8214285714286,,,1.0
294,Indonesia,IDN,2018,64.5961751224909,,19.8214285714286,23.5,,1.0
295,Indonesia,IDN,2019,65.3135593220339,14.225,17.3913043478261,14.286,,1.0
296,Indonesia,IDN,2020,65.14025442924834,8.752,20.3478260869565,17.143,,1.0
297,Indonesia,IDN,2021,65.29765114558384,1.398,21.0434782608696,,,1.0
298,Indonesia,IDN,2022,64.4544997486174,12.717,21.9130434782609,20.69,,1.0
299,Indonesia,IDN,2023,64.50405106800885,13.454,21.5652173913044,20.69,24.823,1.0
300,Indonesia,IDN,2024,64.58241218373864,,21.0344827586207,12.5,,
301,India,IND,2010,35.67887133012841,,10.8256880733945,10.0,12.153,1.0
302,India,IND,2011,34.81339374739685,,11.0091743119266,,,1.0
303,India,IND,2012,33.965760117770984,,11.0091743119266,9.8,,1.0
304,India,IND,2013,33.9316152339278,,11.0091743119266,,,1.0
305,India,IND,2014,33.96753694204119,,11.4180478821363,9.3,,1.0
306,India,IND,2015,34.07818365856471,,11.9705340699816,22.2,,1.0
307,India,IND,2016,34.22092379763452,,11.9705340699816,18.5,,1.0
308,India,IND,2017,34.38324282389449,,11.8081180811808,,,1.0
309,India,IND,2018,34.53333679779661,22.382,11.8081180811808,23.1,14.356,1.0
310,India,IND,2019,34.65745914051486,20.732,14.3911439114391,12.5,17.001,1.0
311,India,IND,2020,34.34663707344141,21.195,14.3646408839779,9.091,17.328,1.0
312,India,IND,2021,36.49623505871202,22.293,14.4444444444444,,16.956,1.0
313,India,IND,2022,38.6194518681549,21.565,14.9446494464945,6.667,16.209,1.0
314,India,IND,2023,40.69423640507978,21.746,15.2416356877323,6.452,12.726,1.0
315,India,IND,2024,42.55487520107933,21.964,13.6531365313653,5.556,11.885,
316,Iceland,ISL,2010,89.45108005082591,,42.8571428571429,45.5,37.145,1.0
317,Iceland,ISL,2011,89.51718138321009,,39.6825396825397,,39.086,1.0
318,Iceland,ISL,2012,90.6871504788841,,39.6825396825397,50.0,38.196,1.0
319,Iceland,ISL,2013,90.35928372341644,,39.6825396825397,,37.867,1.0
320,Iceland,ISL,2014,89.9016073306294,,39.6825396825397,37.5,38.244,1.0
321,Iceland,ISL,2015,90.4576496784386,,41.2698412698413,44.4,39.506,1.0
322,Iceland,ISL,2016,89.35716648493684,,47.6190476190476,40.0,34.761,1.0
323,Iceland,ISL,2017,89.63343797117928,,38.0952380952381,,32.956,1.0
324,Iceland,ISL,2018,89.39475361485685,,38.0952380952381,40.0,43.047,1.0
325,Iceland,ISL,2019,89.71181519976875,,38.0952380952381,40.0,44.006,1.0
326,Iceland,ISL,2020,89.38494878873094,,38.0952380952381,40.0,38.621,1.0
327,Iceland,ISL,2021,89.24971281799759,14.19,47.6190476190476,,37.338,1.0
328,Iceland,ISL,2022,90.26028010487944,11.75,47.6190476190476,41.667,39.37,1.0
329,Iceland,ISL,2023,89.1524135309768,,47.6190476190476,50.0,37.347,1.0
330,Iceland,ISL,2024,89.14127002244797,,46.031746031746,60.0,,
331,Israel,ISR,2010,82.87927080779382,,19.1666666666667,6.7,,1.0
332,Israel,ISR,2011,82.50909931249637,,20.0,,,1.0
333,Israel,ISR,2012,83.0157264383255,,20.0,10.3,31.697,1.0
334,Israel,ISR,2013,82.98349668391312,,22.5,,32.498,1.0
335,Israel,ISR,2014,84.30067136670078,15.52,22.5,18.2,32.407,1.0
336,Israel,ISR,2015,84.39066163154718,15.1,26.6666666666667,18.2,31.929,1.0
337,Israel,ISR,2016,84.97960331973555,19.35,26.6666666666667,19.0,34.33,1.0
338,Israel,ISR,2017,84.99520613614571,,27.5,,34.838,1.0
339,Israel,ISR,2018,86.69458808781002,15.99,27.5,19.0,33.446,1.0
340,Israel,ISR,2019,87.16120033933888,,23.3333333333333,16.667,30.828,1.0
341,Israel,ISR,2020,87.92628774422735,,27.5,25.0,28.78,1.0
342,Israel,ISR,2021,89.00153564027255,18.75,28.3333333333333,,30.063,1.0
343,Israel,ISR,2022,89.21933628253983,,23.3333333333333,12.5,33.379,1.0
344,Israel,ISR,2023,90.69371708547874,,24.1666666666667,10.714,32.168,1.0
345,Israel,ISR,2024,91.03314698243608,,25.0,16.667,32.759,
346,Italy,ITA,2010,64.2355694227769,-0.554,21.2698412698413,21.7,21.164,1.0
347,Italy,ITA,2011,65.0301508396112,-0.295,21.5873015873016,,21.588,1.0
348,Italy,ITA,2012,66.66553773728685,0.434,21.4285714285714,16.7,22.214,1.0
349,Italy,ITA,2013,67.2981807602129,-0.197,31.4285714285714,,22.018,1.0
350,Italy,ITA,2014,67.99418356000344,0.446,31.4285714285714,30.0,21.912,1.0
351,Italy,ITA,2015,67.23046201635063,-2.132,30.952380952381,43.8,21.757,1.0
352,Italy,ITA,2016,67.96193900742902,-2.45,30.952380952381,27.8,22.046,1.0
353,Italy,ITA,2017,68.69297310107832,-2.516,30.952380952381,,22.356,1.0
354,Italy,ITA,2018,68.94771584773446,-1.928,35.7142857142857,27.8,23.015,1.0
355,Italy,ITA,2019,69.44727544503328,-1.377,35.7142857142857,33.333,23.152,1.0
356,Italy,ITA,2020,68.62700825010856,-2.519,35.7142857142857,36.364,23.255,1.0
357,Italy,ITA,2021,69.29598999235527,,35.7142857142857,,24.046,1.0
358,Italy,ITA,2022,69.74626454589273,,32.25,26.667,23.145,1.0
359,Italy,ITA,2023,70.24109085963003,,32.25,25.0,24.82,1.0
360,Italy,ITA,2024,70.40612686987224,,32.25,25.0,,
361,Jordan,JOR,2010,23.14980793854033,,10.8333333333333,6.9,,1.0
362,Jordan,JOR,2011,23.40798442064265,,10.8333333333333,,,1.0
363,Jordan,JOR,2012,23.00124429697221,,10.8333333333333,6.7,,1.0
364,Jordan,JOR,2013,21.85384628369824,,12.1621621621622,,,1.0
365,Jordan,JOR,2014,21.10517362841286,,12.0,11.1,,1.0
366,Jordan,JOR,2015,22.927133560373605,,12.0,11.1,,1.0
367,Jordan,JOR,2016,24.87769403675789,,15.3846153846154,7.1,,1.0
368,Jordan,JOR,2017,26.95702972867713,7.486,15.3846153846154,,63.299,1.0
369,Jordan,JOR,2018,23.82842363810856,-6.617,15.3846153846154,20.8,58.189,1.0
370,Jordan,JOR,2019,21.874650341266925,-13.741,15.3846153846154,13.793,61.956,1.0
371,Jordan,JOR,2020,23.838255193823134,-30.012,11.5384615384615,9.375,60.247,1.0
372,Jordan,JOR,2021,22.75008145975888,-23.317,11.5384615384615,,57.244,1.0
373,Jordan,JOR,2022,22.71718556230012,-18.195,12.3076923076923,16.667,,1.0
374,Jordan,JOR,2023,22.85994123408423,-4.682,12.3076923076923,22.222,52.314,1.0
375,Jordan,JOR,2024,22.80850785767961,,19.5652173913043,15.385,,
376,Cambodia,KHM,2010,91.74389596902552,23.966,21.1382113821138,9.7,12.802,1.0
377,Cambodia,KHM,2011,91.54679075594532,29.42,20.3252032520325,,14.639,1.0
378,Cambodia,KHM,2012,88.97013739071194,16.77,20.3252032520325,4.9,16.673,1.0
379,Cambodia,KHM,2013,85.92546397348393,18.893,20.3252032520325,,22.47,1.0
380,Cambodia,KHM,2014,85.75710415585912,17.971,20.3252032520325,4.7,15.887,1.0
381,Cambodia,KHM,2015,85.01765966070292,14.566,20.3252032520325,7.0,25.094,1.0
382,Cambodia,KHM,2016,86.19601253462919,13.039,20.3252032520325,9.1,33.142,1.0
383,Cambodia,KHM,2017,87.98834759179725,,20.3252032520325,,20.152,1.0
384,Cambodia,KHM,2018,87.87795617766798,,20.0,9.4,,1.0
385,Cambodia,KHM,2019,87.78398764085787,11.15,20.0,9.375,29.234,1.0
386,Cambodia,KHM,2020,87.76983331815285,15.474,20.0,9.375,24.532,1.0
387,Cambodia,KHM,2021,85.91225902701694,12.245,21.6,,24.619,1.0
388,Cambodia,KHM,2022,85.52573792848392,,20.8,11.111,,1.0
389,Cambodia,KHM,2023,85.56460193366333,11.122,13.6,11.111,23.571,1.0
390,Cambodia,KHM,2024,85.54129077029842,,13.6,11.111,,
391,Sri Lanka,LKA,2010,45.77308195086452,11.722,5.33333333333333,5.9,23.731,1.0
392,Sri Lanka,LKA,2011,46.22412854030502,10.374,5.77777777777778,,25.346,1.0
393,Sri Lanka,LKA,2012,43.94567529006381,,5.77777777777778,,,1.0
394,Sri Lanka,LKA,2013,47.10570236439499,11.71,5.77777777777778,,23.48,1.0
395,Sri Lanka,LKA,2014,46.32972490374421,8.759,5.77777777777778,2.9,23.998,1.0
396,Sri Lanka,LKA,2015,47.9271799880623,3.484,4.88888888888889,7.1,23.74,1.0
397,Sri Lanka,LKA,2016,47.6810084806514,9.357,5.77777777777778,4.3,25.635,1.0
398,Sri Lanka,LKA,2017,49.05073182664474,-10.748,5.77777777777778,,23.165,1.0
399,Sri Lanka,LKA,2018,45.90711799536837,12.023,5.77777777777778,6.7,22.524,1.0
400,Sri Lanka,LKA,2019,47.16531615762865,12.412,5.33333333333333,6.25,25.639,1.0
401,Sri Lanka,LKA,2020,44.5048843910324,9.838,5.38116591928251,3.704,26.074,1.0
402,Sri Lanka,LKA,2021,44.665744714218505,-3.648,5.38116591928251,,21.417,1.0
403,Sri Lanka,LKA,2022,45.393697394501736,1.293,5.33333333333333,0.0,24.561,1.0
404,Sri Lanka,LKA,2023,45.276075376596594,,5.33333333333333,5.0,,1.0
405,Sri Lanka,LKA,2024,45.291113087893486,,10.0,9.091,,
406,Lithuania,LTU,2010,84.56054703286401,,19.1489361702128,14.3,41.978,1.0
407,Lithuania,LTU,2011,83.49969895744209,,19.1489361702128,,36.469,1.0
408,Lithuania,LTU,2012,84.08832269077575,,24.4604316546763,14.3,35.3,1.0
409,Lithuania,LTU,2013,82.5192160775815,,24.113475177305,,36.458,1.0
410,Lithuania,LTU,2014,82.78167066199522,,24.113475177305,7.1,35.362,1.0
411,Lithuania,LTU,2015,83.88767300638081,,23.4042553191489,21.4,38.099,1.0
412,Lithuania,LTU,2016,84.23364740812556,,21.2765957446809,21.4,38.823,1.0
413,Lithuania,LTU,2017,84.04751867019995,,21.2765957446809,,37.92,1.0
414,Lithuania,LTU,2018,83.54505257242573,12.5,21.2765957446809,0.0,38.155,1.0
415,Lithuania,LTU,2019,84.3680431673768,,21.2765957446809,7.692,38.591,1.0
416,Lithuania,LTU,2020,83.29533738946084,,26.9503546099291,42.857,37.335,1.0
417,Lithuania,LTU,2021,84.32153565759305,,27.6595744680851,,36.181,1.0
418,Lithuania,LTU,2022,85.08782218573145,,28.3687943262411,42.857,37.009,1.0
419,Lithuania,LTU,2023,84.39444501114787,,28.3687943262411,35.714,35.384,1.0
420,Lithuania,LTU,2024,84.43783010884474,,28.3687943262411,28.571,,
421,Mexico,MEX,2010,54.18575015456047,-2.947,26.2,10.5,,1.0
422,Mexico,MEX,2011,54.93438951244512,-4.251,26.2,,,1.0
423,Mexico,MEX,2012,56.073976954691005,-3.605,36.8,21.1,,1.0
424,Mexico,MEX,2013,56.35016152530563,-3.554,36.8,,35.834,1.0
425,Mexico,MEX,2014,55.26930301030508,-3.541,37.4,17.6,35.954,1.0
426,Mexico,MEX,2015,55.91080338051114,-3.726,42.3694779116466,17.6,36.131,1.0
427,Mexico,MEX,2016,56.19817817127234,-3.549,42.4,15.8,36.452,1.0
428,Mexico,MEX,2017,55.762618709817616,-3.708,42.6,,37.275,1.0
429,Mexico,MEX,2018,56.46261114309473,-2.757,48.2,42.1,36.27,1.0
430,Mexico,MEX,2019,58.384257657865405,-1.877,48.2,35.0,36.598,1.0
431,Mexico,MEX,2020,57.52910666004525,-6.494,48.2,42.105,39.716,1.0
432,Mexico,MEX,2021,58.18867137062591,-4.56,50.0,,38.884,1.0
433,Mexico,MEX,2022,59.5028067361668,-1.67,50.0,42.105,38.779,1.0
434,Mexico,MEX,2023,61.01482914248872,0.842,50.0,42.105,39.233,1.0
435,Mexico,MEX,2024,61.17799018341513,0.007,50.2,45.0,37.28,
436,North Macedonia,MKD,2010,61.250771012922925,,32.5,9.5,26.959,1.0
437,North Macedonia,MKD,2011,63.92492945339444,,30.8943089430894,,26.504,1.0
438,North Macedonia,MKD,2012,63.42047018005624,,32.520325203252,13.6,23.28,1.0
439,North Macedonia,MKD,2013,65.53358613217767,,34.1463414634146,,24.667,1.0
440,North Macedonia,MKD,2014,64.23203908152442,,33.3333333333333,8.7,25.954,1.0
441,North Macedonia,MKD,2015,63.69809389021049,,33.3333333333333,8.0,23.002,1.0
442,North Macedonia,MKD,2016,61.79025519252157,,33.3333333333333,,27.275,1.0
443,North Macedonia,MKD,2017,62.63726249601312,,37.5,,22.536,1.0
444,North Macedonia,MKD,2018,63.42209179048293,15.29,38.3333333333333,16.0,28.116,1.0
445,North Macedonia,MKD,2019,67.07044149177584,,39.1666666666667,21.739,28.151,1.0
446,North Macedonia,MKD,2020,66.33337030757285,,39.1666666666667,21.053,24.17,1.0
447,North Macedonia,MKD,2021,64.84790874524715,,41.6666666666667,,24.99,1.0
448,North Macedonia,MKD,2022,65.45595533498759,,41.6666666666667,17.647,29.798,1.0
449,North Macedonia,MKD,2023,65.34616404385733,,42.5,25.0,32.403,1.0
450,North Macedonia,MKD,2024,65.4710492014385,,39.1666666666667,15.0,31.628,
451,Mongolia,MNG,2010,82.3483886945485,,3.94736842105263,7.1,37.886,1.0
452,Mongolia,MNG,2011,81.78149322571345,,3.94736842105263,,37.919,1.0
453,Mongolia,MNG,2012,81.81901154565783,,14.8648648648649,7.1,38.684,1.0
454,Mongolia,MNG,2013,81.80764597343581,,14.8648648648649,,37.291,1.0
455,Mongolia,MNG,2014,81.10786200209087,,14.8648648648649,16.7,34.165,1.0
456,Mongolia,MNG,2015,80.74749123443355,,14.4736842105263,11.1,37.774,1.0
457,Mongolia,MNG,2016,80.20570302395762,,17.1052631578947,13.3,36.712,1.0
458,Mongolia,MNG,2017,80.03615427850947,,17.1052631578947,,40.007,1.0
459,Mongolia,MNG,2018,75.99741370442756,,17.1052631578947,13.3,35.907,1.0
460,Mongolia,MNG,2019,78.68197703444831,9.552,17.3333333333333,6.667,42.513,1.0
461,Mongolia,MNG,2020,78.19254283992078,3.563,17.3333333333333,18.75,46.618,1.0
462,Mongolia,MNG,2021,76.32040452459592,12.468,17.1052631578947,,42.24,1.0
463,Mongolia,MNG,2022,77.419632729831,16.222,17.1052631578947,12.5,39.931,1.0
464,Mongolia,MNG,2023,77.72041763341068,18.006,17.1052631578947,18.75,50.359,1.0
465,Mongolia,MNG,2024,77.52410166520598,,25.3968253968254,18.75,,
466,Mauritius,MUS,2010,58.0214117898334,21.527,18.8405797101449,,26.189,1.0
467,Mauritius,MUS,2011,57.39299086819493,23.18,18.8405797101449,,21.331,1.0
468,Mauritius,MUS,2012,57.86366509326125,16.503,18.8405797101449,8.0,23.091,1.0
469,Mauritius,MUS,2013,60.38496151728029,13.223,18.8405797101449,,28.933,1.0
470,Mauritius,MUS,2014,60.53713199362725,15.012,18.8405797101449,8.3,27.261,1.0
471,Mauritius,MUS,2015,62.44882568411981,13.072,11.5942028985507,12.0,27.767,1.0
472,Mauritius,MUS,2016,61.52074669123125,18.405,11.5942028985507,10.0,29.502,1.0
473,Mauritius,MUS,2017,61.8176409341068,17.036,11.5942028985507,,30.822,1.0
474,Mauritius,MUS,2018,62.623932328142594,14.543,11.5942028985507,8.7,31.032,1.0
475,Mauritius,MUS,2019,63.65107223166785,10.553,20.0,12.5,,1.0
476,Mauritius,MUS,2020,63.46541302887844,,20.0,13.043,,1.0
477,Mauritius,MUS,2021,63.080639453479606,12.852,20.0,,40.037,1.0
478,Mauritius,MUS,2022,62.16071454421749,18.513,20.0,14.286,27.028,1.0
479,Mauritius,MUS,2023,62.347687772702734,21.357,20.0,17.391,35.368,1.0
480,Mauritius,MUS,2024,62.41266679360802,,19.4029850746269,8.333,,
481,Pakistan,PAK,2010,28.010321465343008,21.954,22.2222222222222,7.5,6.403,0.0
482,Pakistan,PAK,2011,28.46696633242409,23.82,22.5146198830409,,5.751,0.0
483,Pakistan,PAK,2012,28.67059827535697,,22.5146198830409,10.0,3.483,0.0
484,Pakistan,PAK,2013,28.87588059398915,27.002,20.7430340557276,,4.217,0.0
485,Pakistan,PAK,2014,29.521228777643643,29.186,20.7430340557276,0.0,5.945,0.0
486,Pakistan,PAK,2015,30.38014770150615,26.135,20.5882352941176,0.0,3.946,0.0
487,Pakistan,PAK,2016,29.29229057061918,10.81,20.5882352941176,0.0,7.058,0.0
488,Pakistan,PAK,2017,28.23478897784961,22.71,20.5882352941176,,,0.0
489,Pakistan,PAK,2018,27.207143577842803,23.732,20.2346041055718,12.0,6.582,0.0
490,Pakistan,PAK,2019,29.46276905914865,13.255,20.2346041055718,12.0,6.326,0.0
491,Pakistan,PAK,2020,29.776001015292845,,20.1754385964912,10.714,6.695,1.0
492,Pakistan,PAK,2021,30.409495400821235,-5.122,20.1754385964912,,7.828,0.0
493,Pakistan,PAK,2022,30.14868356990375,,20.4678362573099,9.375,,1.0
494,Pakistan,PAK,2023,30.13789065906005,,20.4678362573099,5.882,,1.0
495,Pakistan,PAK,2024,30.190416925948977,,17.0418006430868,0.0,,
496,Panama,PAN,2010,59.27923510664379,0.35,8.45070422535211,26.7,,1.0
497,Panama,PAN,2011,57.66271080574641,2.422,8.45070422535211,,45.822,1.0
498,Panama,PAN,2012,59.76008054614213,-3.226,8.45070422535211,29.4,46.516,1.0
499,Panama,PAN,2013,61.622298317316535,-0.063,8.45070422535211,,40.611,1.0
500,Panama,PAN,2014,62.59977758556777,2.995,19.2982456140351,31.6,43.541,1.0
501,Panama,PAN,2015,64.35142364322675,-0.032,18.3098591549296,27.8,,1.0
502,Panama,PAN,2016,64.8732012487096,1.736,18.3098591549296,29.4,,1.0
503,Panama,PAN,2017,65.56691974650185,-5.726,18.3098591549296,,,1.0
504,Panama,PAN,2018,67.43086916176925,-11.406,18.3098591549296,26.7,,1.0
505,Panama,PAN,2019,69.69116028249496,9.222,21.1267605633803,31.579,,1.0
506,Panama,PAN,2020,72.6144418767689,-13.788,22.5352112676056,31.25,,1.0
507,Panama,PAN,2021,63.55860598733898,-15.236,22.5352112676056,,,1.0
508,Panama,PAN,2022,64.5819397993311,-15.468,22.5352112676056,31.25,,1.0
509,Panama,PAN,2023,67.72833603249273,-3.88,22.5352112676056,35.294,47.006,1.0
510,Panama,PAN,2024,67.8480327742135,-11.77,21.4285714285714,35.294,46.054,
511,Peru,PER,2010,83.2310483917571,14.923,27.5,22.2,,1.0
512,Peru,PER,2011,82.63240959940585,13.066,21.5384615384615,,,1.0
513,Peru,PER,2012,82.35772357723577,13.561,21.5384615384615,16.7,,1.0
514,Peru,PER,2013,81.97795268234579,12.094,21.5384615384615,,,1.0
515,Peru,PER,2014,81.5778321875883,9.861,22.3076923076923,44.4,,1.0
516,Peru,PER,2015,80.26194035162646,11.251,22.3076923076923,22.2,,1.0
517,Peru,PER,2016,81.42087671628153,9.016,27.6923076923077,36.8,,1.0
518,Peru,PER,2017,81.87471238598687,8.004,27.6923076923077,,,1.0
519,Peru,PER,2018,82.51331907906393,12.259,27.6923076923077,27.8,,1.0
520,Peru,PER,2019,82.57179233272032,11.057,30.0,55.0,,1.0
521,Peru,PER,2020,76.5683954722773,2.36,26.1538461538462,42.105,,1.0
522,Peru,PER,2021,81.88327103747855,5.728,40.0,,,1.0
523,Peru,PER,2022,80.95827418435069,9.449,40.0,47.368,32.933,1.0
524,Peru,PER,2023,80.8655243964564,9.824,38.7596899224806,36.842,38.553,1.0
525,Peru,PER,2024,80.96930533117933,8.413,38.4615384615385,10.526,35.69,
526,Philippines,PHL,2010,64.0195308862073,-6.496,22.1428571428571,13.6,42.203,1.0
527,Philippines,PHL,2011,64.458934334453,-7.205,22.887323943662,,41.168,1.0
528,Philippines,PHL,2012,64.29604468799342,-8.963,22.887323943662,18.2,42.157,1.0
529,Philippines,PHL,2013,64.55309090423472,-10.653,27.3356401384083,,43.01,1.0
530,Philippines,PHL,2014,65.0273368723441,-10.562,27.3356401384083,16.0,41.759,1.0
531,Philippines,PHL,2015,65.3850287495298,-12.12,27.2413793103448,20.0,42.722,1.0
532,Philippines,PHL,2016,64.01859847226834,-14.313,29.7945205479452,25.0,23.854,1.0
533,Philippines,PHL,2017,61.26487589255355,-14.443,29.4520547945205,,23.245,1.0
534,Philippines,PHL,2018,62.62567911422872,-15.424,29.4520547945205,10.3,25.509,1.0
535,Philippines,PHL,2019,64.14707057348707,-16.326,27.9605263157895,8.571,29.31,1.0
536,Philippines,PHL,2020,63.62904428209335,-19.39,27.9605263157895,13.043,35.429,1.0
537,Philippines,PHL,2021,64.0623188405797,-16.353,27.9605263157895,,37.965,1.0
538,Philippines,PHL,2022,69.26037943359913,-15.873,27.3311897106109,26.316,41.323,1.0
539,Philippines,PHL,2023,69.32817640014865,-12.661,27.3311897106109,17.391,43.164,1.0
540,Philippines,PHL,2024,69.05634289664707,,27.3311897106109,17.391,,
541,Portugal,PRT,2010,83.0927436156914,7.175,27.3913043478261,31.3,35.712,1.0
542,Portugal,PRT,2011,81.46938653783067,8.866,28.695652173913,,26.156,1.0
543,Portugal,PRT,2012,82.58375228346695,7.176,28.695652173913,18.2,27.967,1.0
544,Portugal,PRT,2013,83.25160258873807,6.157,31.304347826087,,27.423,1.0
545,Portugal,PRT,2014,83.46731640697746,9.424,31.304347826087,21.4,31.919,1.0
546,Portugal,PRT,2015,83.83354153653964,7.804,34.7826086956522,28.6,30.254,1.0
547,Portugal,PRT,2016,83.39919713843895,7.757,34.7826086956522,22.2,32.202,1.0
548,Portugal,PRT,2017,83.74747631619816,5.443,34.7826086956522,,30.229,1.0
549,Portugal,PRT,2018,84.57753277897162,6.325,34.7826086956522,29.4,31.886,1.0
550,Portugal,PRT,2019,85.0581885120589,5.502,38.695652173913,42.105,37.063,1.0
551,Portugal,PRT,2020,84.83590194042961,5.659,40.0,42.105,34.946,1.0
552,Portugal,PRT,2021,86.33457946950203,10.923,40.0,,34.588,1.0
553,Portugal,PRT,2022,86.60847043023647,5.944,36.9565217391304,41.176,37.468,1.0
554,Portugal,PRT,2023,86.9684390645795,5.485,36.0869565217391,52.941,38.104,1.0
555,Portugal,PRT,2024,86.9677214183495,7.174,32.6086956521739,41.176,38.682,
556,Romania,ROU,2010,70.80671195103906,,11.377245508982,6.3,36.278,1.0
557,Romania,ROU,2011,71.7039282126377,,11.2121212121212,,31.845,1.0
558,Romania,ROU,2012,71.04310461496819,,13.3495145631068,16.7,30.828,1.0
559,Romania,ROU,2013,70.76595888330014,,13.3495145631068,,30.582,1.0
560,Romania,ROU,2014,70.68743412577585,,13.5135135135135,22.2,30.729,1.0
561,Romania,ROU,2015,70.18844964809577,,13.715710723192,14.3,31.535,1.0
562,Romania,ROU,2016,69.8298926507019,,13.715710723192,24.0,32.417,1.0
563,Romania,ROU,2017,70.68625050999593,,20.6686930091185,,30.088,1.0
564,Romania,ROU,2018,69.98732202067485,1.57,20.6686930091185,28.0,30.062,1.0
565,Romania,ROU,2019,69.59705183532948,2.2,21.8844984802432,17.647,34.193,1.0
566,Romania,ROU,2020,68.98157848082906,0.9,21.8844984802432,5.0,35.134,1.0
567,Romania,ROU,2021,67.86638102039197,1.28,18.5410334346505,,35.791,1.0
568,Romania,ROU,2022,68.67492880665638,,19.0909090909091,10.0,32.487,1.0
569,Romania,ROU,2023,67.63375247540694,,19.0909090909091,33.333,33.991,1.0
570,Romania,ROU,2024,67.54921928038019,,19.2073170731707,12.5,,
571,Russian Federation,RUS,2010,79.39714856083023,,14.0,16.7,38.694,1.0
572,Russian Federation,RUS,2011,79.53109129895046,,13.5555555555556,,39.562,1.0
573,Russian Federation,RUS,2012,79.30437231570795,,13.5555555555556,15.8,39.187,1.0
574,Russian Federation,RUS,2013,78.75887272471714,,13.5555555555556,,38.473,1.0
575,Russian Federation,RUS,2014,78.43943369487434,,13.5555555555556,6.7,38.129,1.0
576,Russian Federation,RUS,2015,77.93723984246893,24.42,13.5555555555556,6.5,38.669,1.0
577,Russian Federation,RUS,2016,77.86907007615454,,12.6666666666667,9.7,40.568,1.0
578,Russian Federation,RUS,2017,77.78683456068356,25.29,15.7777777777778,,39.383,1.0
579,Russian Federation,RUS,2018,78.16918284208003,,15.7777777777778,12.9,39.828,1.0
580,Russian Federation,RUS,2019,78.27241576242146,24.83,15.7777777777778,12.903,41.989,1.0
581,Russian Federation,RUS,2020,78.59443294225902,,15.7777777777778,9.677,43.157,1.0
582,Russian Federation,RUS,2021,78.5563751317176,23.71,16.2222222222222,,43.712,1.0
583,Russian Federation,RUS,2022,79.09604519774011,,16.2222222222222,4.762,41.181,1.0
584,Russian Federation,RUS,2023,79.42645006259262,,16.4444444444445,4.762,41.927,1.0
585,Russian Federation,RUS,2024,79.35212085996513,,16.4444444444444,9.524,40.853,
586,Rwanda,RWA,2010,78.97315133807219,,56.25,33.3,,1.0
587,Rwanda,RWA,2011,79.34390824054752,,56.25,,,1.0
588,Rwanda,RWA,2012,79.73275899960441,,56.25,32.0,,1.0
589,Rwanda,RWA,2013,80.11354443970525,,63.75,,,1.0
590,Rwanda,RWA,2014,80.493098102901,27.958,63.75,39.3,,1.0
591,Rwanda,RWA,2015,80.90452261306534,,63.75,35.5,,1.0
592,Rwanda,RWA,2016,81.37630117198553,,63.75,47.4,,1.0
593,Rwanda,RWA,2017,81.91943234382718,37.319,61.25,,36.301,1.0
594,Rwanda,RWA,2018,80.53985722784059,,61.25,51.9,33.217,1.0
595,Rwanda,RWA,2019,78.95818428143029,,61.25,53.571,,1.0
596,Rwanda,RWA,2020,81.79967367919487,,61.25,54.839,34.185,1.0
597,Rwanda,RWA,2021,81.70784770784772,25.43,61.25,,35.431,1.0
598,Rwanda,RWA,2022,82.69579679467796,26.927,61.25,47.619,24.753,1.0
599,Rwanda,RWA,2023,83.16831683168317,31.823,61.25,30.0,38.383,1.0
600,Rwanda,RWA,2024,83.10213108162445,-23.89,63.75,26.316,30.46,
601,El Salvador,SLV,2010,60.24587478210724,-1.949,19.047619047619,15.4,37.641,1.0
602,El Salvador,SLV,2011,59.82525292340034,-4.135,19.047619047619,,42.934,1.0
603,El Salvador,SLV,2012,60.83534157585917,-2.581,26.1904761904762,11.1,55.833,1.0
604,El Salvador,SLV,2013,62.44187731338173,-7.254,26.1904761904762,,42.691,1.0
605,El Salvador,SLV,2014,61.38426475096296,-8.327,27.3809523809524,7.1,35.58,1.0
606,El Salvador,SLV,2015,60.437498324531546,-1.034,32.1428571428571,21.4,40.671,1.0
607,El Salvador,SLV,2016,61.08377668440072,-0.392,32.1428571428571,21.4,34.077,1.0
608,El Salvador,SLV,2017,60.03882565684502,-5.769,32.1428571428571,,32.647,1.0
609,El Salvador,SLV,2018,60.00801389074395,-9.408,30.952380952381,33.3,35.736,1.0
610,El Salvador,SLV,2019,60.38714591513782,-5.484,30.952380952381,47.059,43.128,1.0
611,El Salvador,SLV,2020,59.95854635898853,,33.3333333333333,43.75,48.82,1.0
612,El Salvador,SLV,2021,59.90831644077003,-10.328,27.3809523809524,,40.459,1.0
613,El Salvador,SLV,2022,60.18541522287746,-10.126,27.3809523809524,37.5,42.733,1.0
614,El Salvador,SLV,2023,60.84357789784146,-3.29,27.3809523809524,37.5,39.012,1.0
615,El Salvador,SLV,2024,60.76423673904841,,31.6666666666667,31.25,,
616,Slovak Republic,SVK,2010,74.62984012636365,19.66,15.3333333333333,13.3,34.88,1.0
617,Slovak Republic,SVK,2011,73.65878016184226,,16.0,,28.634,1.0
618,Slovak Republic,SVK,2012,74.11000395066064,,18.6666666666667,14.3,30.404,1.0
619,Slovak Republic,SVK,2013,74.86711890288667,,18.6666666666667,,29.881,1.0
620,Slovak Republic,SVK,2014,76.34425964798966,19.66,18.6666666666667,7.1,27.881,1.0
621,Slovak Republic,SVK,2015,76.52441719961097,19.1,18.6666666666667,0.0,27.816,1.0
622,Slovak Republic,SVK,2016,77.19254402728369,,20.0,14.3,34.316,1.0
623,Slovak Republic,SVK,2017,77.78237606787076,,20.0,,30.585,1.0
624,Slovak Republic,SVK,2018,77.14264619019492,,20.0,35.7,30.367,1.0
625,Slovak Republic,SVK,2019,77.36372264072602,16.85,20.0,26.667,33.35,1.0
626,Slovak Republic,SVK,2020,77.89893217025117,14.22,22.6666666666667,20.0,34.532,1.0
627,Slovak Republic,SVK,2021,82.56242820001208,14.43,22.6666666666667,,35.242,1.0
628,Slovak Republic,SVK,2022,83.13603725984862,15.45,21.3333333333333,14.286,35.588,1.0
629,Slovak Republic,SVK,2023,83.12348957245575,,22.0,21.429,34.109,1.0
630,Slovak Republic,SVK,2024,83.16877738431066,,22.6666666666667,13.333,,
631,Sweden,SWE,2010,87.3796474596356,,44.9856733524355,45.0,31.338,1.0
632,Sweden,SWE,2011,88.04306036139945,,44.6991404011461,,33.523,1.0
633,Sweden,SWE,2012,88.6085150571132,,44.6991404011461,52.2,34.495,1.0
634,Sweden,SWE,2013,88.90268600233566,,44.9856733524355,,35.511,1.0
635,Sweden,SWE,2014,89.21590387830899,,44.6991404011461,56.5,37.452,1.0
636,Sweden,SWE,2015,89.96569595628091,12.36,43.5530085959885,52.2,39.795,1.0
637,Sweden,SWE,2016,89.93452627836702,12.03,43.5530085959885,52.2,39.514,1.0
638,Sweden,SWE,2017,90.07759714395304,11.22,43.5530085959885,,39.448,1.0
639,Sweden,SWE,2018,90.41991265344666,10.7,46.1318051575931,54.5,39.03,1.0
640,Sweden,SWE,2019,90.3821787429649,9.94,47.2779369627507,54.545,41.902,1.0
641,Sweden,SWE,2020,89.47003350108473,9.76,46.9914040114613,57.143,43.094,1.0
642,Sweden,SWE,2021,89.81264464393638,,46.9914040114613,,44.143,1.0
643,Sweden,SWE,2022,89.67552918772431,9.91,46.4183381088825,47.826,42.422,1.0
644,Sweden,SWE,2023,90.46475180525243,,46.4183381088825,47.826,43.797,1.0
645,Sweden,SWE,2024,90.42780905465636,,46.7048710601719,47.826,,
646,Thailand,THA,2010,79.5982901709829,,13.3192389006343,12.5,24.345,1.0
647,Thailand,THA,2011,81.23294942537248,,15.8,,,1.0
648,Thailand,THA,2012,80.36532500092628,,15.8,8.7,,1.0
649,Thailand,THA,2013,78.61651226712817,,15.8,,27.089,1.0
650,Thailand,THA,2014,78.19077189321254,-0.44,6.09137055837564,8.3,29.374,1.0
651,Thailand,THA,2015,78.37067837067838,-2.025,6.09137055837564,4.2,29.832,1.0
652,Thailand,THA,2016,78.22311202402464,-3.193,6.09137055837564,11.1,29.533,1.0
653,Thailand,THA,2017,77.909922682104,-3.539,4.8,,30.76,1.0
654,Thailand,THA,2018,77.84050073830151,-4.181,5.28455284552846,0.0,30.87,1.0
655,Thailand,THA,2019,78.02874743326488,-5.21,16.2,0.0,30.959,1.0
656,Thailand,THA,2020,78.33381928062131,-6.63,15.7464212678937,0.0,33.212,1.0
657,Thailand,THA,2021,78.64347317643619,-7.53,15.7464212678937,,32.044,1.0
658,Thailand,THA,2022,79.09928569531853,-2.877,15.7464212678937,5.263,33.126,1.0
659,Thailand,THA,2023,78.98347988276045,-3.36,18.8376753507014,15.789,34.694,1.0
660,Thailand,THA,2024,78.79319347194517,-3.641,19.4,15.789,34.914,
661,Turkiye,TUR,2010,39.01651929146171,-10.101,9.10746812386157,7.7,18.762,1.0
662,Turkiye,TUR,2011,40.190575093322856,-9.093,14.1818181818182,,18.662,1.0
663,Turkiye,TUR,2012,41.50844702056973,-7.351,14.1818181818182,4.0,14.346,1.0
664,Turkiye,TUR,2013,43.02421902421902,-4.473,14.4160583941606,,16.572,1.0
665,Turkiye,TUR,2014,42.46386398502485,-1.381,14.4160583941606,4.0,15.504,1.0
666,Turkiye,TUR,2015,44.00986215398409,-0.051,14.9090909090909,4.0,14.483,1.0
667,Turkiye,TUR,2016,45.08054074373148,-2.654,14.9090909090909,3.8,16.732,1.0
668,Turkiye,TUR,2017,46.35086943300252,-3.129,14.5719489981785,,17.265,1.0
669,Turkiye,TUR,2018,47.03376394192989,1.188,17.4496644295302,11.8,16.342,1.0
670,Turkiye,TUR,2019,47.73366372469861,-0.056,17.4496644295302,11.765,17.523,1.0
671,Turkiye,TUR,2020,45.3022599700238,-9.898,17.3174872665535,11.765,19.279,1.0
672,Turkiye,TUR,2021,46.70989809734198,0.883,17.3333333333333,,20.654,1.0
673,Turkiye,TUR,2022,49.0984548947029,2.535,17.3539518900344,5.882,19.645,1.0
674,Turkiye,TUR,2023,50.296740078193125,4.238,19.8333333333333,5.882,20.546,1.0
675,Turkiye,TUR,2024,50.87640638354514,5.939,19.8664440734558,5.882,21.453,
676,Uruguay,URY,2010,73.61738640781905,,15.1515151515152,21.4,23.646,1.0
677,Uruguay,URY,2011,74.69873184834745,,12.1212121212121,,31.238,1.0
678,Uruguay,URY,2012,75.51598759490963,,12.1212121212121,7.1,36.471,1.0
679,Uruguay,URY,2013,73.50585172097719,,12.1212121212121,,34.176,1.0
680,Uruguay,URY,2014,75.1538766345265,,13.1313131313131,14.3,31.797,1.0
681,Uruguay,URY,2015,75.6832327360228,,16.1616161616162,14.3,34.013,1.0
682,Uruguay,URY,2016,76.48584073199207,,16.1616161616162,35.7,33.673,1.0
683,Uruguay,URY,2017,76.88056283171277,,20.2020202020202,,35.052,1.0
684,Uruguay,URY,2018,77.58780869975179,,20.2020202020202,42.9,37.267,1.0
685,Uruguay,URY,2019,78.23128305037574,,19.1919191919192,33.333,36.505,1.0
686,Uruguay,URY,2020,79.17667088662854,,21.2121212121212,14.286,39.883,1.0
687,Uruguay,URY,2021,79.66474891682648,,24.2424242424242,,39.822,1.0
688,Uruguay,URY,2022,77.96814367566508,1.369,25.2525252525253,14.286,35.931,1.0
689,Uruguay,URY,2023,80.48112186828165,4.781,26.2626262626263,21.429,33.871,1.0
690,Uruguay,URY,2024,80.72888062749074,0.858,28.2828282828283,21.429,33.758,
691,United States,USA,2010,82.08948833226289,14.496,16.7816091954023,33.3,38.801,1.0
692,United States,USA,2011,81.92402225001078,12.596,16.8202764976959,,38.585,1.0
693,United States,USA,2012,81.65592820571823,14.761,17.9723502304147,27.3,39.073,1.0
694,United States,USA,2013,81.46916828076667,16.77,17.8240740740741,,38.75,1.0
695,United States,USA,2014,81.73633534048928,14.37,19.3103448275862,31.8,38.797,1.0
696,United States,USA,2015,81.49712986975145,14.031,19.3548387096774,26.1,39.373,1.0
697,United States,USA,2016,81.54054132627846,13.363,19.1685912240185,,39.731,1.0
698,United States,USA,2017,82.07087244415338,12.657,19.3548387096774,,40.526,1.0
699,United States,USA,2018,82.18147420504984,13.781,23.5023041474654,21.7,40.466,1.0
700,United States,USA,2019,82.63175484227199,13.958,23.4338747099768,17.391,40.848,1.0
701,United States,USA,2020,82.65178942370467,13.771,27.4647887323944,46.154,42.288,1.0
702,United States,USA,2021,82.59029973722888,13.759,27.6497695852535,,43.204,1.0
703,United States,USA,2022,82.94473804976981,11.193,28.7037037037037,33.333,42.828,1.0
704,United States,USA,2023,83.79026527711983,13.504,28.9655172413793,33.333,44.363,1.0
705,United States,USA,2024,83.8813103949888,15.321,28.735632183908,40.0,44.327,
706,Viet Nam,VNM,2010,88.30278335159355,,25.7606490872211,4.2,8.255,1.0
707,Viet Nam,VNM,2011,88.03058944835882,9.544,24.4,,10.982,1.0
708,Viet Nam,VNM,2012,88.79445397017284,6.878,24.4,9.1,12.935,1.0
709,Viet Nam,VNM,2013,88.95097728215515,5.196,24.4,,8.129,1.0
710,Viet Nam,VNM,2014,89.15614131429618,3.446,24.2971887550201,9.1,11.23,1.0
711,Viet Nam,VNM,2015,88.40773141463532,3.126,24.2971887550201,9.1,13.572,1.0
712,Viet Nam,VNM,2016,88.67832253331702,4.728,26.7206477732794,4.2,15.306,1.0
713,Viet Nam,VNM,2017,88.29397666581505,6.436,26.7206477732794,,14.547,1.0
714,Viet Nam,VNM,2018,88.45985826618774,7.957,26.7206477732794,4.0,14.825,1.0
715,Viet Nam,VNM,2019,87.11504726634831,8.29,26.7206477732794,0.0,14.565,1.0
716,Viet Nam,VNM,2020,86.3417681974383,7.252,26.7206477732794,0.0,22.725,1.0
717,Viet Nam,VNM,2021,87.77279255690989,8.248,30.2605210420842,,15.513,1.0
718,Viet Nam,VNM,2022,87.96233350958028,8.69,30.2605210420842,11.111,17.074,1.0
719,Viet Nam,VNM,2023,88.03094180054947,9.418,30.2605210420842,11.111,21.826,1.0
720,Viet Nam,VNM,2024,87.95215980660348,,30.6288032454361,11.111,,
721,South Africa,ZAF,2010,75.59505633146367,,44.5,34.3,32.047,1.0
722,South Africa,ZAF,2011,78.49265575943075,,42.25,,33.654,1.0
723,South Africa,ZAF,2012,77.73345107067394,,42.25,40.0,34.773,1.0
724,South Africa,ZAF,2013,78.5266976890922,,42.25,,33.119,1.0
725,South Africa,ZAF,2014,78.11168954093705,,41.5,37.1,34.288,1.0
726,South Africa,ZAF,2015,78.40912584939889,,42.0,41.7,33.886,1.0
727,South Africa,ZAF,2016,78.03935937953253,,42.0,41.7,35.734,1.0
728,South Africa,ZAF,2017,79.30752081532371,,41.8367346938776,,35.226,1.0
729,South Africa,ZAF,2018,79.2132936812092,10.0,42.7480916030534,48.6,33.935,1.0
730,South Africa,ZAF,2019,79.76298158737946,9.52,46.3476070528967,48.276,33.261,1.0
731,South Africa,ZAF,2020,79.45713026588538,,46.75,48.276,35.072,1.0
732,South Africa,ZAF,2021,79.47654210248115,,46.5822784810127,,35.186,1.0
733,South Africa,ZAF,2022,80.07840173806264,,46.5,48.148,36.527,1.0
734,South Africa,ZAF,2023,81.97150379433175,,45.8646616541353,50.0,36.026,1.0
735,South Africa,ZAF,2024,82.16068715309001,,44.702842377261,43.75,39.27,
736,Zambia,ZMB,2010,76.92261878173345,,14.0127388535032,16.7,,1.0
737,Zambia,ZMB,2011,77.15270833022375,,11.4649681528662,,,1.0
738,Zambia,ZMB,2012,77.40019153648171,,11.4649681528662,11.8,,1.0
739,Zambia,ZMB,2013,77.70672910943996,,11.4649681528662,,,1.0
740,Zambia,ZMB,2014,78.09001461569756,,10.7594936708861,15.0,,1.0
741,Zambia,ZMB,2015,78.53056900726394,,12.6582278481013,20.0,29.766,1.0
742,Zambia,ZMB,2016,79.02708292148843,,17.9640718562874,33.3,,1.0
743,Zambia,ZMB,2017,79.5771418088424,37.776,17.9640718562874,,29.594,1.0
744,Zambia,ZMB,2018,80.16110931759134,5.7,17.9640718562874,30.0,40.207,1.0
745,Zambia,ZMB,2019,77.64513247990472,16.521,17.9640718562874,32.258,29.95,1.0
746,Zambia,ZMB,2020,80.52274812775656,4.254,16.7664670658683,32.258,39.622,1.0
747,Zambia,ZMB,2021,81.6233903314334,10.877,15.0602409638554,,39.512,1.0
748,Zambia,ZMB,2022,82.6551085108664,-10.207,15.0602409638554,16.0,36.458,1.0
749,Zambia,ZMB,2023,82.84204543709006,-3.364,14.9700598802395,12.5,36.693,1.0
750,Zambia,ZMB,2024,82.7766420216118,,14.9700598802395,16.0,,
